region,country,1965,1966,1967,1968,1969,1970,1971,1972,1973,1974,1975,1976,1977,1978,1979,1980,1981,1982,1983,1984,1985,1986,1987,1988,1989,1990,1991,1992,1993,1994,1995,1996,1997,1998,1999,2000,2001,2002,2003,2004,2005,2006,2007,2008,2009,2010,2011,2012,2013,2014,2015,2016,2017,2018,2019,2020,2021
North America,Canada,260.3284936,271.6951346,285.5430649,308.2821736,320.4558017,344.9115655,351.5879038,367.9821519,393.7246878,400.1831262,398.0655426,412.8802689,436.3894794,424.5937131,430.7089895,440.5817458,420.6700804,406.9653322,387.9874637,408.4266515,403.4730813,393.3852138,406.7250959,437.382196,457.3823517,444.8304496,427.9907949,441.9412007,438.44547,453.1532871,471.4836546,480.5603834,493.9847743,508.3372475,513.2305162,533.1058592,535.8367509,548.6536674,557.7644345,555.3070069,555.0252732,547.9905202,574.9927665,559.4669927,531.5976576,546.2712786,550.2463764,546.4820913,560.7266363,566.4281876,566.1858947,547.6953995,563.7261448,573.4995675,571.3033086,517.316976,527.367352
North America,Mexico,62.13332884,65.05567306,66.64749812,72.17091106,79.10671586,84.17217965,89.46165039,99.66788002,107.6740247,120.8593037,131.1317188,138.8726336,146.5295948,165.1439454,180.2301383,198.1239994,210.9644565,221.3376869,217.8270683,226.5293323,233.8951033,230.3729978,239.9327292,240.9573576,253.8719441,267.7074035,277.117153,279.9878579,283.9692022,307.6171102,294.8561025,306.2982454,319.9274898,337.0906501,333.9032996,353.8471954,352.3491231,371.5738139,372.8530945,390.4388414,416.5884368,427.3394917,429.6010998,432.234914,433.5446714,442.6135201,465.8449648,473.9729999,472.8373683,459.6365934,463.1219484,468.7896322,476.9468961,468.2232193,449.3128341,357.6824129,373.7577144
North America,US,3451.891855,3639.795004,3738.161319,3947.343459,4117.396247,4271.528132,4309.068601,4525.83078,4739.462447,4567.579913,4386.800296,4647.562781,4791.336693,4833.699474,4921.142686,4742.374464,4596.205926,4371.094214,4332.116761,4558.841566,4576.006629,4598.18559,4749.85354,4969.138238,5058.078032,4970.491814,4922.618223,5004.921294,5117.553324,5195.388787,5227.893829,5407.639017,5483.026086,5524.139127,5574.140178,5740.684612,5650.668381,5672.347141,5737.63158,5838.882108,5873.173026,5795.22348,5884.218845,5700.862058,5289.244885,5485.723766,5336.157012,5089.147985,5246.614128,5251.662107,5137.47809,5037.996685,4978.762409,5132.735255,4980.948415,4420.60685,4701.10576
S. & Cent. America,Argentina,82.16638649,84.52158575,86.85160299,89.32727141,92.18865633,85.89974303,90.80462908,91.59077826,94.93613998,97.13421099,93.23389315,97.78817752,102.0940993,99.46544233,106.0642851,101.6430139,97.21586748,97.17400986,100.186433,97.79747213,94.63607653,100.0037047,104.6175995,109.9435435,107.2024591,100.2537727,102.8321562,108.8821595,107.6744776,113.9810765,118.9243481,126.3334056,125.0110205,131.95226,136.4300754,131.3890934,120.6907087,115.9994318,125.4128523,137.1084492,145.2724675,151.1795858,164.5240107,166.0172759,158.2018264,167.0834894,173.078927,181.8872066,187.8116012,187.7752728,191.2190713,190.1382172,188.4693708,185.8755889,175.4522615,164.8479898,181.6724943
S. & Cent. America,Brazil,51.52221484,56.16623386,58.01140648,68.14655486,74.25741954,83.8801603,92.17067039,103.5455616,123.6119184,133.3617033,139.2221472,149.4958295,156.0266632,168.3921767,176.3801037,175.7692239,167.3205672,167.8930046,162.7041382,169.6900578,176.8416449,191.7297884,197.5969122,201.1335936,205.1052069,196.5870467,205.9515413,216.3409281,227.2234238,237.2154693,251.6630786,270.803633,283.9259989,294.481206,297.4705243,302.1287569,311.4977415,312.0677438,308.9102365,323.1020776,330.1884029,335.6927196,350.1232064,372.9419518,350.788524,399.4068405,424.2090228,444.5160067,483.0108548,505.2085823,476.6192739,440.7710425,446.3742345,427.5636994,425.125238,390.503152,436.6089737
S. & Cent. America,Chile,16.70436529,17.92339066,18.25253475,18.72852873,19.85040706,20.93318828,22.38805687,22.37327215,21.60339789,20.71226274,17.95912621,18.91677053,19.55291406,20.78660324,21.54221193,22.09295338,22.53193623,19.21476444,19.4043039,20.62324464,20.24529047,20.87481653,21.59390605,25.52488205,30.77505412,31.68739503,32.71346254,33.39317273,35.613567,38.77776669,42.28093161,47.64945571,54.93740002,56.35750304,58.34095466,56.35287665,53.78773919,55.28781118,55.28828702,60.23777435,61.53385009,65.43660976,76.46674358,77.40180611,74.37199044,76.07385531,87.0044475,89.37793467,91.12136759,88.41505146,88.91919326,94.06294884,92.39358227,92.98844891,94.55840873,84.41069805,86.96054894
S. & Cent. America,Colombia,21.30853138,23.05258674,24.36844865,25.21409779,25.32042094,27.66261055,26.20292542,29.34978043,28.59135965,32.30465239,32.66994638,33.79688499,34.53684694,35.84178879,37.6240949,37.40738678,38.49827206,39.95117212,42.50059659,42.71783497,44.02678632,43.65232429,48.22764509,46.40697673,48.79964041,41.97937678,44.57579105,52.67758404,55.29207047,58.32821103,58.78166252,57.49973783,62.71066993,63.33051311,54.97452954,54.92062564,52.90574942,50.54170804,52.33944861,51.87727261,50.88352867,60.77582527,59.37957427,66.63895754,66.77544257,72.09492836,69.05462667,77.49967141,80.5458717,85.5889855,86.71032472,91.44446883,84.51796746,86.58238354,92.66068034,80.8705789,86.51743734
S. & Cent. America,Ecuador,2.06851262,2.150559379,2.312434258,2.763360844,2.931986659,3.480899898,3.802886914,3.839428403,4.320807514,4.810389172,4.833906421,5.62021789,6.80158867,6.931361159,7.310104592,9.154450443,10.03219273,10.92519414,10.06330968,10.60099259,12.82246305,13.01541791,13.06383058,15.6093397,15.81117827,16.60942176,18.73461075,18.79513696,18.81176007,20.23198724,19.90988739,22.50072065,25.70301382,25.66563769,22.44653348,20.27063233,20.88057564,20.28754212,20.67465949,23.09712696,25.22942285,26.73418631,26.99997251,27.56722703,27.91166563,32.16648133,32.76907519,34.20871381,36.48890179,38.42262956,37.55696358,35.4348988,34.31554319,37.14193025,35.65796468,28.68185482,35.53749916
S. & Cent. America,Peru,12.52914182,15.39537349,15.48857121,15.66960913,15.65376927,16.41350451,16.42396163,14.22624622,16.6410774,19.62489622,20.0697638,20.13385451,20.15672493,19.90569693,20.67503092,22.22753392,22.77677487,22.50023935,19.48185867,20.26241233,19.58388171,20.85058005,22.47585164,22.23602054,19.84518156,19.5557566,18.62741444,19.24446816,19.94649838,21.58295662,24.2822856,25.50287354,25.80046666,25.39030075,25.91800565,26.04616259,24.40553291,25.09349059,24.29816022,27.43178931,28.56422946,27.21393406,31.01440955,34.37952892,34.50129543,40.09494679,44.97260936,45.99134941,46.87461196,47.8061523,50.17810536,54.83156908,54.02370164,56.53632364,58.45287275,46.40912237,56.00955911
S. & Cent. America,Trinidad & Tobago,7.661584732,8.002955986,8.471639321,8.701003209,9.021076656,9.71819515,9.874022382,14.30480784,14.17855351,13.31279272,10.21225922,11.70773552,11.74509779,10.95472249,9.140962927,8.572897496,9.581508299,9.918522339,8.966574718,8.144059634,8.400688682,9.102786516,7.953888159,8.327784275,8.034797902,9.647707117,9.080805328,10.59070771,10.67801769,10.15132647,11.26452835,11.79266015,10.79984483,10.27939544,12.40648773,13.16870364,13.92110786,15.69223189,18.12887687,19.20063613,19.0659259,22.40058043,23.63282438,23.77269679,22.19819188,24.69715561,24.62197587,24.21679909,25.5277801,24.77252026,23.95023768,21.8641182,21.29757716,20.62945503,18.33870547,16.06721909,15.95380168
S. & Cent. America,Venezuela,43.74159393,44.03436088,45.99482936,48.95232769,49.102185,49.3614494,49.54257185,52.2862829,59.67673902,60.83164081,62.70732006,66.19018513,73.91360036,75.18777516,83.15241035,95.36750153,99.21972327,99.84142203,98.37363663,98.470724,99.99177676,105.75464,101.248086,103.6320378,106.4082516,112.2027225,106.2400294,117.5441531,114.736101,124.9047594,128.173585,119.3718411,127.1545981,137.883493,138.6123494,142.064817,151.7627228,156.2696886,144.3636869,152.8689706,153.6461524,160.0826355,171.4939349,165.3556913,166.223101,167.4295352,167.3041608,177.918174,183.3924162,173.3300124,172.2011562,149.283135,146.3227707,121.1372963,100.0928439,82.83274316,89.17554327
S. & Cent. America,Central America,10.81812159,10.71483749,11.15523924,11.50623892,11.96555878,12.42166211,12.89466559,13.67977423,15.06563937,15.99858529,17.90560204,18.71299533,19.92689291,20.15243524,20.3899965,19.06808134,18.48295413,18.43753619,18.13192783,18.40014222,18.75435979,18.76100338,20.15454865,19.53136665,20.35257828,21.0849934,23.09410016,26.30641849,28.11601072,30.79678919,34.07159001,33.40717441,35.99435244,41.38018109,40.78947891,42.73662874,45.94460694,46.01621381,48.01820537,49.15206463,48.53393971,51.54240862,54.10074998,54.5638099,53.4032456,54.49976607,58.28504555,59.40094772,60.33987814,62.33897094,68.44273734,71.16272254,70.55431286,67.81272869,74.88542663,63.50470623,72.53587373
S. & Cent. America,Other Caribbean,48.67875151,50.14599391,52.2280412,53.33434262,56.41745932,70.23825412,71.37431118,76.44595949,82.69890728,81.88885517,79.29356378,80.46475944,84.69367008,86.28009337,88.83064323,99.12615933,99.82111957,87.26959486,83.66247432,88.77065098,83.22704985,81.33581961,85.1041285,85.20730369,89.69060811,89.33270901,84.94991504,83.34901138,84.42469604,89.3149584,87.27858631,88.70370103,94.09317229,96.99602906,90.54160187,106.5576823,113.9496393,114.1185123,117.024393,119.6470755,119.863212,123.6282313,122.8780145,115.3835976,109.8692722,108.0121788,110.2417589,107.3549992,104.8103216,103.9277535,107.0813046,110.7375315,107.0036878,110.2240332,113.8899297,100.2496303,112.3409061
S. & Cent. America,Other South America,9.823757444,10.009092,10.08568331,10.30438362,11.02821359,11.30308297,11.43565188,12.05955123,12.35432974,12.10660577,13.46380573,13.90475371,14.17731911,15.84242287,16.34612928,15.48770872,15.29827531,14.23900242,12.71711357,12.40206677,12.58764497,12.63573052,12.96467015,14.5344325,14.83379011,14.1138358,14.73307282,15.41723847,16.09622061,17.93303249,20.39782672,20.98346415,21.25652359,21.82155972,23.5882759,20.35444765,19.73239566,19.78890569,21.31149308,23.03058447,23.10173379,23.18008959,25.20007541,27.90931912,30.12405776,32.09650997,33.5165618,34.03554674,34.68146133,35.03936215,35.50639158,37.39987284,38.09017866,39.51618831,39.41810811,36.20545693,39.81083412
Europe,Austria,39.52917922,39.81909688,40.11202923,43.01201982,46.05256128,50.71292252,53.3311803,54.51050622,57.90204653,55.20374225,53.2727203,58.03526711,53.84027824,56.61819365,59.12691975,57.86981767,54.49495453,51.85965073,51.34714396,53.19262914,54.2508962,53.87854532,54.85814886,53.37493671,53.65222663,57.95563429,62.84358691,57.5349193,58.01614924,58.54381828,61.09833106,62.93257577,63.50886651,63.75534379,62.99324357,63.54874685,68.18513079,69.29509393,75.01608797,73.71568061,74.73907971,72.65942544,68.97363969,69.78721633,63.57205332,67.81857995,64.67165447,62.19580596,62.8541789,58.63438101,60.69035828,61.64266813,64.43324237,62.07078293,63.64394629,55.99271153,58.36573077
Europe,Belgium,124.7128567,118.4759425,123.4295498,135.0960571,144.4447496,148.9869089,142.0651173,149.2597462,147.142299,141.3654671,126.0493471,132.0488291,131.6085576,136.8100227,142.2425004,136.0632477,129.3855882,121.9349209,109.2561536,113.1889578,114.2287455,113.7231912,115.2147565,117.1885942,119.7502947,126.4976687,130.7295905,128.0708481,126.065439,129.5784552,128.9287299,137.1922475,135.9140148,139.8577057,133.2634194,136.288175,136.3391315,134.1520062,141.2491284,140.1064862,136.1550201,138.2249574,137.7782844,139.1346974,124.6253854,133.4944323,120.611028,116.275754,117.3388475,108.9973776,115.2284163,116.8705901,118.786418,125.4352246,121.7124226,105.5379478,114.7493915
Europe,Bulgaria,36.74421323,39.21066618,45.22786337,51.01134378,55.74748097,62.36257521,64.57293624,66.62998488,68.63704736,69.86143558,75.1336772,75.92364619,78.43693005,82.09527548,84.92234223,89.1367164,85.46549067,87.04627669,85.98012083,85.01103495,84.87663544,87.89358395,87.76049696,86.55117215,86.79207313,74.39980756,59.88349251,58.12179819,60.26250639,56.6927608,58.7841265,56.81397168,56.08451441,53.77385928,45.80028731,43.43435325,46.36846865,44.56360214,48.57710429,46.66681992,48.54666802,49.39139297,52.73582016,50.34521601,43.53209311,45.58703702,50.52144709,45.8116769,40.66753203,43.11450149,45.83186158,43.01575123,45.69810102,42.53428696,41.28521866,35.85610272,41.73113433
Europe,Croatia,0,0,0,0,0,0,0,0,0,0,0,0,0,0,0,0,0,0,0,0,0,0,0,0,0,21.27730821,14.8010131,14.49800588,15.53970285,14.45708658,15.11930473,15.12179818,16.61967687,18.88042429,18.58401088,17.47472791,18.42690486,19.52390933,20.85704103,20.12818587,20.63667629,20.67683635,21.87534308,20.93908852,19.61674455,18.84658268,18.20561102,16.62105038,16.11060168,15.82433188,16.24327686,16.68752677,17.14030944,16.3143068,16.29748171,14.84102715,15.74312289
Europe,Cyprus,1.213839504,1.345540419,1.464236559,1.631066823,1.922657814,2.043686628,2.402040276,2.74201182,2.918705366,2.395977854,2.083546789,2.121583662,2.503130376,2.623097161,2.656944472,2.685393983,2.54292203,3.074580017,3.22491259,3.229913371,3.573223626,3.698954822,4.588158363,4.668476518,4.742381477,4.970187105,5.139325696,6.03914136,6.277545741,6.30860769,6.742839228,6.846588909,6.87375225,7.225120451,7.590814726,7.97593224,8.090136201,7.945569531,8.493194148,8.277335303,9.316718742,9.142110268,9.322075273,9.482366243,9.180957256,8.839898305,8.702955158,8.135052481,7.252134704,7.325073791,7.497763315,8.112640748,8.309006428,8.230032227,8.189192474,6.991088487,7.245366532
Europe,Czech Republic,156.2014892,156.9696305,153.7643325,160.3789719,167.2353314,172.4973544,180.9513054,180.6948552,180.6282718,181.3659915,188.1274052,193.7036039,199.1912711,201.4917056,202.5633459,195.1771659,194.2925686,191.7913021,191.540257,195.8202795,193.922221,191.9658413,190.639919,190.9357316,184.9323126,155.3293736,143.2104594,136.6361505,134.0879248,128.6390524,130.1806283,132.8777108,127.1593254,121.6485154,113.9241238,124.0967586,125.0885107,120.7810018,123.9970481,124.8437697,123.4256335,125.9692006,125.5538111,120.3261968,113.5314105,116.5229842,113.0739888,109.3107046,104.9800747,101.9736561,102.7730892,104.7907868,102.9365601,101.9162822,98.22227335,87.94114957,92.39620083
Europe,Denmark,47.70917456,54.28165636,54.01827506,56.09466989,63.90701054,67.53165856,63.16191092,66.63602745,64.98134499,59.20479521,56.42351873,62.48924089,63.89860947,65.7173667,66.2423531,66.17768198,58.92065792,57.39761354,54.39306315,55.30668211,62.66980577,63.59747851,60.97783776,59.6638355,53.98450208,55.84633941,65.52153282,59.9940064,63.37545635,68.18923401,65.38009887,79.07781211,69.16585486,64.8615237,61.49523122,57.52517808,57.67969596,56.79137194,61.99009643,56.01021717,53.27899657,61.67135853,56.83839765,54.15555769,50.5546539,51.26013349,46.29977641,40.91295627,43.36819735,40.01792847,36.73780437,37.90138276,35.28830798,35.59004133,32.4581252,26.83046997,28.09712619
Europe,Estonia,0,0,0,0,0,0,0,0,0,0,0,0,0,0,0,0,0,0,0,0,38.46050944,38.48119852,38.96029236,37.97049801,39.18628914,41.06889691,37.50671786,27.22701961,22.69624776,22.66441206,20.48039617,21.66529013,21.36725917,18.80440744,17.25437689,17.75588453,18.35488749,18.36261229,20.3413668,20.3980134,20.34325862,19.95447982,23.68478361,21.54262124,18.58171039,23.43397314,23.47500727,22.82645165,24.46960112,23.52479577,21.35508026,22.08746794,24.59592534,24.14012397,18.30901662,15.88702765,17.99121801
Europe,Finland,24.74267953,28.08430394,28.8730225,33.15879542,38.8594562,43.17136035,43.34942586,44.83398753,50.4731076,46.021634,46.95490669,53.26395215,52.49997141,55.48580353,57.40914949,57.46683214,48.49535257,46.96549217,45.49450981,48.25054104,53.35850577,53.187401,56.01156606,55.25509927,55.66278202,57.48325452,56.72075327,54.63399806,56.31306023,62.89838451,58.6037231,64.82191585,62.83743836,60.2023688,59.86731183,58.84721478,63.83111748,66.64263866,74.88763691,68.77353401,58.18575218,68.54248913,66.31241172,58.58423592,56.18614586,63.9152012,57.07865483,51.04518145,52.04918933,47.66042588,44.94120539,47.7062681,44.99817164,46.53189172,43.09585003,36.73691724,37.1900913
Europe,France,329.4457043,330.9765898,355.9349529,369.2797036,404.4060507,433.7340257,453.5699846,477.7859536,518.8168971,500.4774973,457.1122717,509.585804,493.0768227,497.6554973,510.1697182,485.0351498,441.8281285,418.5872374,402.8027237,387.694151,381.8176671,369.914113,362.373829,359.1385357,370.4969721,367.2412411,390.6647024,379.4431714,362.030084,348.7428091,356.1613618,372.5356788,361.1577446,384.8641233,384.3630461,381.4997777,383.4074656,380.1304597,387.1629362,389.1086016,389.7707404,380.0518252,370.4644724,369.7467813,354.8028636,360.3621609,334.1474971,335.5632869,334.9286309,301.5086387,307.4825166,313.0854276,317.8183059,306.6939758,299.2870874,251.5501142,273.5515565
Europe,Germany,910.4138464,901.037798,892.4161205,944.755393,1011.924371,1043.394269,1045.121274,1067.326703,1116.424396,1085.32047,1025.299707,1093.411773,1072.513622,1052.745497,1104.195079,1077.810589,1043.903174,1003.333231,1017.950677,1038.335007,1045.813908,1037.267326,1031.43128,1017.015362,1003.815095,1007.605881,969.7032103,923.7157864,916.2724362,896.9315114,889.4009689,914.8445376,887.9933553,879.0361843,855.9154709,854.428314,871.672554,859.047318,861.9914128,847.5257667,826.31763,843.777148,811.0682052,809.3684134,753.5898514,783.1632602,763.6899139,773.0012637,797.571543,751.0808174,755.6309983,770.4571786,760.948652,733.112185,680.0760413,600.7850006,628.894988
Europe,Greece,22.51197496,23.73047464,25.962037,27.22102871,27.84137041,29.8222654,37.21941394,41.86056091,48.93818526,48.24915286,56.17072752,63.06412479,67.13287914,65.20725847,54.08328867,52.93883975,52.59625713,52.58444917,54.84453183,56.88234978,60.22770278,60.13429326,67.06103642,71.65326016,78.50068611,81.52086338,81.54722242,84.18865961,85.37486711,86.68822569,88.72251197,89.88681304,93.32999288,98.80180224,97.27318084,102.6026969,104.7270384,103.7449524,107.4780915,107.4359814,107.7782561,108.2878101,112.750828,107.7611614,102.6778973,94.60262913,94.48825665,88.22761906,79.13006101,75.58882215,73.23138425,69.82582218,54.49306882,72.68881275,68.5582059,55.98721996,56.50365403
Europe,Hungary,59.50271857,59.3480782,55.28248701,56.42111654,59.53049445,62.96870338,64.08076757,65.44305997,69.88957003,71.70692774,72.81239789,76.07949309,80.51270441,85.48496513,84.38784784,83.10175216,81.46660352,81.57695725,77.76119749,79.27940493,79.52635409,77.90901599,79.19859479,75.05612232,71.33896229,70.92228359,65.64684818,62.08528149,58.78135066,58.18686829,57.92326364,58.75745357,57.24952592,57.87759513,58.62024302,55.31671969,56.67331699,55.92843174,58.02497239,57.34436111,57.53068613,57.40336849,55.40586603,54.19325342,48.22808168,48.70774855,48.68266469,44.59993082,41.99770881,41.29257605,43.84307553,44.67497208,46.918774,47.33672263,47.12621776,44.59452899,45.7186752
Europe,Iceland,1.49721614,1.602679412,1.545942204,1.654885918,1.506428845,1.528197329,1.663034915,1.779864604,2.03538928,1.904373611,1.787725371,1.815375686,1.885401919,2.009683535,1.995649631,1.885669713,1.882387852,1.721086589,1.749798114,1.872636279,1.873113545,1.915635908,1.987785342,2.082016516,2.235348088,2.241926608,2.12485878,2.216840786,2.304434132,2.326923261,2.371062989,2.625483925,2.600861103,2.607664496,2.645961203,2.781037263,2.653432308,2.758856249,2.79360831,2.897181659,2.902284088,2.954544987,3.059693272,2.797919216,2.6139981,2.533216561,2.511135175,2.509147717,2.669066636,2.703771967,2.918681549,2.763752125,3.090019162,3.254385545,2.828247114,1.814634811,1.849702487
Europe,Ireland,19.98260137,22.67331422,24.68988168,29.20467178,29.12574282,21.46948479,22.44098876,23.23506347,24.2645027,24.75843181,23.23737419,23.78993681,24.98094526,26.21608445,28.68604207,27.37236492,26.44915445,26.05863228,25.74490263,25.35307601,26.85481654,28.63212479,29.74397079,29.09234917,29.8141759,30.95562953,31.59919672,31.75146374,32.21061788,33.14344068,33.92293062,35.65469008,37.3517506,40.00419034,42.1244773,43.58666339,46.37514904,45.66477804,45.28253037,45.51288143,47.6702345,47.54005236,48.2869473,47.79592859,42.82096308,42.5251756,38.87283723,38.76032757,37.414198,37.05043789,38.88049796,40.46361565,39.32160371,39.08989022,37.4597031,33.03477049,34.78081383
Europe,Italy,204.8693128,222.6822226,246.1820643,266.4680746,288.272621,320.4091899,342.3106781,357.7597322,374.8340461,374.9312316,368.743288,384.3465635,378.7376527,377.1578396,388.8446308,383.184528,374.0502645,370.5848574,353.1315467,355.4553973,354.3900673,362.5543836,378.1589368,383.8487813,403.2167651,403.7807454,407.1947712,403.6161836,396.5090388,393.3784829,413.115582,407.862859,414.4613032,426.3135873,427.2131599,434.378503,429.5163826,433.0112573,450.8084207,468.2914471,470.1966255,467.0806124,458.0339287,442.4779324,391.5353739,397.1161395,388.5468145,370.9857047,341.3720824,318.7929637,334.3757022,331.4017425,335.4611355,336.08236,328.5533475,283.7949916,311.1695009
Europe,Latvia,0,0,0,0,0,0,0,0,0,0,0,0,0,0,0,0,0,0,0,0,25.22432778,23.32772085,20.32134676,19.41488004,18.79916769,18.44545963,17.58525741,12.8494276,10.75717126,9.873735997,9.132063344,9.197267329,8.309958651,8.031263263,7.380437835,6.946310733,7.708130483,7.91200885,7.882043746,8.455625162,8.679600303,8.442496678,8.818580879,8.639888398,7.935899476,9.237414825,8.300543824,8.024571422,7.958872478,7.654415316,7.84871291,8.169431624,8.014319623,7.754765036,8.394019042,7.101211409,7.382465516
Europe,Lithuania,0,0,0,0,0,0,0,0,0,0,0,0,0,0,0,0,0,0,0,0,37.43072841,33.55108026,36.00139959,35.38881025,36.23177554,36.06544357,38.96613068,20.72482188,16.3707773,15.44461819,14.31684964,14.80559093,14.0863467,14.70253215,12.7054744,10.88519005,12.09878593,11.58238375,11.75568384,12.25468833,13.13857091,13.3906096,13.14737977,13.27718884,12.030444,13.16031621,12.3822814,12.43269899,11.65899769,10.99205811,11.2757387,11.65612768,11.87575256,12.45421249,12.31644412,11.75926232,12.13201737
Europe,Luxembourg,13.38389055,12.70471432,12.40515677,13.40196924,14.40907766,14.92750798,14.24745105,14.54069241,15.21840674,15.44594702,12.58563843,12.46552292,11.42921971,11.87748423,12.30046143,11.40173863,9.640139034,9.03388451,8.420359463,9.159636433,9.401568879,9.079951681,8.294622049,8.49685461,9.871475993,10.32097176,10.98529586,10.9557619,11.12523301,10.56321479,8.703755846,8.930599897,8.548504501,8.025242664,8.500231876,9.037224261,9.705767787,10.46374203,11.00967723,12.5008735,12.78698415,12.49431067,12.00802552,11.94221707,11.36215169,11.96108766,11.7281624,11.41709315,10.88352492,10.4821574,10.14707181,9.989282265,10.32208426,10.7602376,10.88007575,8.988694959,9.288243851
Europe,Netherlands,112.9762745,117.7611984,122.8320756,138.2206632,149.0947785,166.9510982,171.881859,196.7330181,206.2850694,189.1819933,184.9165029,203.4073748,200.0116107,184.6161525,191.3294089,180.9378117,174.0212004,168.4366211,164.7066312,169.7746481,172.7472378,174.9081568,182.4646555,187.8232046,188.4161473,191.872519,199.6063203,200.1023767,204.9869794,202.2149312,208.5900852,219.5574165,217.2367541,218.0628999,215.1109277,216.1955137,225.9075142,225.9551344,225.437849,231.4063466,233.1021668,231.6013026,229.1322375,227.2196096,217.6754147,226.5192014,219.4345753,212.2145114,208.2445105,197.5867728,206.7238376,209.8209317,202.6961624,198.7988523,194.8493927,174.6489739,178.1775899
Europe,North Macedonia,0,0,0,0,0,0,0,0,0,0,0,0,0,0,0,0,0,0,0,0,0,0,0,0,0,8.763039392,8.541813247,8.746461214,9.057007716,8.459577817,8.441475847,9.638839195,8.60672292,9.928316694,9.101027812,8.736100365,8.816438103,8.283913973,8.999757218,8.725892902,9.070209539,9.069917003,9.531125653,9.363304782,8.747223961,8.526714394,9.345372623,8.934737384,7.944860853,7.524600081,7.233295548,7.063258961,7.544127687,7.061275624,8.087495258,6.638689502,6.864638518
Europe,Norway,17.71431764,19.41724674,19.9924,21.896155,23.95993915,26.74987982,26.50276242,27.90440285,28.02150813,26.20638401,26.88677248,29.62389566,29.45831845,31.27167854,32.64720207,30.11465125,28.5010336,27.33178163,27.28906312,27.31489461,28.68957749,31.08281299,30.20625264,29.78947267,30.19658658,29.0051572,27.33092084,28.89256381,29.77695379,31.57488067,31.62242255,34.27661704,35.53717392,36.48694508,36.16035544,33.94444325,36.34922065,35.67588196,37.14841197,37.65232653,36.64709745,36.94429275,36.52221769,36.11932277,36.15183089,37.46463299,37.12657109,36.78500868,36.96372318,36.07523109,35.97433475,35.0667088,35.11242861,35.29306756,34.28883094,32.94536054,33.36209422
Europe,Poland,252.960256,257.243617,263.5018484,281.5539016,299.0192608,312.789018,321.8793801,339.4217234,342.6962404,352.1182499,380.0529978,400.62918,417.3699404,437.4678668,443.7896569,465.8639189,419.3314187,428.6079214,429.6487729,447.3130651,457.6718624,469.3857779,485.6014983,474.7986335,456.6379681,373.5011718,368.4457134,353.1231582,352.2336144,334.2973024,341.3357683,355.0456872,350.4975801,330.883204,323.782716,299.7755086,297.8537545,294.4137075,303.5159551,301.8989225,307.2417758,320.7347313,317.4869665,319.5243545,305.3130667,323.8223103,324.0112826,308.1251624,310.3950106,293.3376746,293.3245606,306.0353614,315.4497666,320.1467123,301.9917855,284.230074,309.1386426
Europe,Portugal,10.52382075,10.75980392,11.61595739,12.04744849,12.38000152,14.88747814,16.48793682,17.68356321,20.10002623,20.99575564,21.83166886,22.84071785,22.17795238,23.30051396,24.90399823,26.33667358,28.33519041,28.38312737,29.46929872,28.35432579,27.40154883,30.93728841,31.57917491,32.5720772,40.96599314,39.10868121,42.09622442,46.03885877,45.15120323,45.62864597,52.9670915,50.37831258,50.94307076,56.7070447,62.20303597,61.34887733,60.2282502,63.39971527,59.92941606,62.07166319,64.58421136,59.6257809,58.36965282,57.5132171,56.94589923,51.52539885,51.42179687,50.71548419,49.33065234,49.59534896,53.06552927,52.44812461,57.30463045,54.2624916,50.25627302,40.72587219,39.7091167
Europe,Romania,68.05232687,72.51928533,80.73592124,86.00887929,98.56412204,105.0048501,110.1390036,114.5659789,125.7905517,125.9722569,136.8297155,148.0159147,156.2326249,169.3994656,174.2398158,174.4827034,174.4316128,172.4007465,174.1797652,171.7924035,172.520364,178.0115065,186.1861761,188.1472497,189.4152901,178.2354051,143.3277415,125.1233837,122.2116164,117.8724091,127.6479918,126.1908642,115.0609375,101.7171421,86.3357682,88.85799385,90.93768296,94.10148065,98.199429,99.63664074,95.63204372,101.3312571,97.82655009,95.60125025,80.57716598,78.1532013,85.06740086,81.69635124,69.80690674,71.09893528,71.8803126,69.51271039,72.92447682,73.38063834,71.66011518,64.57354951,70.32120813
Europe,Slovakia,31.0505901,32.07146799,32.17246505,35.10952416,37.02185846,39.73803571,42.52361761,44.31878918,45.69886054,46.79450113,49.00399537,50.45627157,52.77837488,55.50377432,56.53988869,56.77530391,55.87259836,55.01889808,54.83413504,58.76411972,58.52719517,55.7293453,56.82409727,57.42289416,53.43412844,54.83360252,48.48400473,45.9534349,43.23292604,40.13061661,40.78040361,40.91503867,39.51086015,39.12319415,38.2521549,36.33413527,39.07053131,38.55121422,39.14337233,38.04605744,38.97138096,37.43936118,35.22457248,36.41693216,33.62463645,36.14392922,33.91141875,32.37785991,32.52165872,29.98386112,30.27370712,30.67184091,32.84029542,32.27818787,29.99366317,27.83228116,31.74805585
Europe,Slovenia,0,0,0,0,0,0,0,0,0,0,0,0,0,0,0,0,0,0,0,0,0,0,0,0,0,13.30177412,12.485484,12.25515971,12.99313422,13.12140543,13.94571873,14.67546506,15.23344281,14.70010086,14.28120932,13.9983057,14.68794186,14.94794886,14.78080846,15.0147561,15.21492934,15.64614189,15.68814354,16.82266318,14.97227722,15.23608463,15.21020023,14.69720682,14.09001079,12.62957709,12.69893861,13.63238955,13.87454902,13.93749373,13.27786744,11.85962091,11.62016599
Europe,Spain,80.43310144,84.7157566,95.4819172,99.13607031,108.5632699,121.0578308,126.779871,135.5411569,155.4356906,162.0061152,168.3800055,185.1968344,179.1672653,174.1362147,186.5961779,208.2325895,211.9386555,208.6134854,211.4008234,201.8502738,194.386293,196.9140932,203.4414574,196.4681651,217.1937197,214.6015454,220.4105023,241.012824,226.0290825,234.1330167,247.9156825,244.2128684,263.6403414,274.258653,298.7931403,309.3244612,313.9918504,332.3014101,340.0816001,362.0939779,374.9418566,369.3704822,380.5382969,354.7997548,316.2735426,300.1498569,308.5292922,306.2740606,274.5077474,271.8540307,287.8701787,280.6213283,298.2515128,293.0076961,276.1588454,223.5732273,245.7229504
Europe,Sweden,68.78263287,76.06260325,75.18068563,83.77081014,88.75413705,96.91732204,89.82205636,91.36228334,93.09773437,86.02340203,85.40247714,92.9402834,89.24236621,104.7353342,114.4435757,100.3291565,89.55798005,83.44751634,73.60941026,71.42564072,79.22005877,84.48286035,73.74061357,69.14204132,66.44964508,67.36859426,59.69134892,61.52963207,60.98608206,64.2349218,61.53887671,66.76928786,61.25122149,68.41195255,65.26343123,57.73739477,59.1559149,59.82663498,64.2227159,61.89134769,60.65458314,62.2134772,58.89338364,56.26556937,53.40716285,56.94723921,52.04604452,49.14748786,48.12717618,46.09955577,46.38870293,46.53544027,45.48510283,44.67731813,47.27570054,43.12798668,40.09316538
Europe,Switzerland,29.23407697,29.65517334,31.34392496,34.29120906,36.90748884,40.4144594,42.06084022,42.93879939,46.19113068,41.33115694,39.86730014,41.59481586,42.11322096,42.56458435,40.98243367,41.60903018,39.3597148,37.23303746,40.78007283,40.1436521,41.26580089,44.32224596,41.90781508,41.72309659,40.38509384,43.27644997,44.17307857,44.63895309,42.20466231,43.44255756,40.92573194,42.50435053,44.20214525,44.74799075,44.15579127,43.1126051,46.23188399,43.93832103,43.21436809,43.25976538,44.21571521,44.97448272,40.99350042,43.76265511,44.23838224,42.05643904,40.05205279,41.42314248,43.59506424,38.71298395,39.52668612,38.01958948,38.81920767,37.2125121,38.14823295,32.69962294,33.39083214
Europe,Turkey,25.13951284,28.95548183,29.07743148,32.27151334,35.15776547,39.27893875,43.91650402,48.93099354,54.22154428,56.47164845,60.65526628,66.8453067,73.1053843,77.135862,71.66979421,74.65545898,74.1634679,81.40939001,87.14065883,91.43793001,100.3986087,109.0168617,118.4892787,115.8909294,129.0924927,136.2397061,139.6273009,143.7297379,148.3405993,146.9852749,161.115089,175.1808303,184.9914211,186.8569229,187.5552843,205.6930523,186.1021207,196.8682447,208.880249,216.4291185,224.8221892,247.9884694,272.7727301,276.3493901,275.2845039,276.2998652,298.8324143,314.4366917,303.2941426,335.1351167,340.5702575,358.9941636,397.1079451,390.8447069,386.7265959,373.9272234,403.2664563
Europe,Ukraine,0,0,0,0,0,0,0,0,0,0,0,0,0,0,0,0,0,0,0,0,694.3995007,701.8212098,709.9002911,686.1814167,652.8923732,761.947198,708.1415483,603.5851602,519.9008869,431.7248556,423.1181971,366.4807339,352.7034482,340.9861762,335.0396824,335.9075293,329.3226511,329.2667553,336.6304104,317.513693,315.4567729,324.3890709,327.460103,317.1636708,272.3748493,288.7006239,303.2273203,299.0515329,286.4785839,246.8417728,195.1317163,215.6237499,187.8506331,198.6744616,185.5158859,172.9127952,167.8563689
Europe,United Kingdom,688.0980406,680.9469645,670.0974418,689.7430101,707.6257328,724.542523,697.4277007,690.536811,728.677548,675.237685,635.9557379,645.729586,654.0398654,637.7908162,665.2170619,606.5362537,584.8344392,567.2443373,562.4541811,538.6165513,572.6396696,590.8045593,594.3099878,594.2643439,584.3046157,595.1824024,605.4838383,588.5811985,574.6312771,561.3666426,558.8019424,579.3738362,559.856288,560.7498188,551.2230214,565.7167516,575.5217916,556.6768213,567.7860636,573.2360063,579.1420014,581.6943079,570.1672735,560.4160537,512.7157464,528.533,493.9846523,510.1812594,498.0183258,456.0767327,437.7662289,413.5953804,401.2588445,393.4705828,377.4887629,316.9068324,337.6747027
Europe,Other Europe,50.38474209,51.83416485,50.51801192,54.89415872,56.0926573,62.22928752,73.32675346,74.00642145,78.39890993,83.85565319,86.37858867,91.52191138,95.82698468,104.3869406,113.3297587,107.76029,114.4718399,118.4854882,127.6317625,134.5714154,169.8127444,175.7796886,171.6856639,177.7061588,172.598505,131.6909205,109.7071066,96.35104056,83.72361337,65.53150237,68.98522071,72.48368392,82.45591388,85.27929022,73.27761069,84.12922644,88.90640948,94.50845481,101.2688578,107.1201062,103.8650517,108.2555265,109.6640584,110.7235429,111.1982648,112.8927196,120.9561297,112.766425,113.0315242,102.3290911,111.6299665,116.7627222,120.536332,119.3487342,119.2925375,115.6263005,89.92718892
CIS,Azerbaijan,0,0,0,0,0,0,0,0,0,0,0,0,0,0,0,0,0,0,0,0,50.4044219,54.23611873,52.22818046,52.18801518,52.89838005,54.37968811,52.00283031,44.06943562,41.48638591,37.87587929,35.85273001,29.27918133,27.87423872,27.85417022,27.24868483,28.44147104,26.17932806,25.90262421,27.96472328,30.84411051,33.53406809,33.26120369,29.96907501,29.57126978,25.94260871,24.88440558,28.55710581,29.5885666,30.27255297,31.03850776,33.56471833,33.06680529,31.99693353,33.45455537,34.38570005,33.69026803,35.34080227
CIS,Belarus,0,0,0,0,0,0,0,0,0,0,0,0,0,0,0,0,0,0,0,0,89.61679704,102.2579044,102.6754863,103.3876661,99.30986452,92.55682778,93.22054257,88.28308952,75.28961845,62.7386532,55.20847289,56.69048936,57.19901931,55.54278821,53.54457755,52.69666748,50.3287058,50.64722526,49.58223364,56.24349404,57.29418802,59.6128428,58.44996012,61.17739168,59.22353149,62.41070917,59.25010298,60.82632044,60.16525538,59.23128595,54.92963061,55.03196525,55.70919177,60.58400111,60.93059841,56.06661477,57.153033
CIS,Kazakhstan,0,0,0,0,0,0,0,0,0,0,0,0,0,0,0,0,0,0,0,0,231.177818,236.3560921,240.9739256,248.6475621,242.0919263,240.6025744,238.2663325,236.3083768,208.5464115,192.7521677,168.8674151,146.9820598,129.9357868,122.9500118,114.1529308,101.5490138,117.7360272,119.7042323,131.7761956,141.7675396,144.3993514,155.6473791,170.3369627,185.5293812,166.7353086,178.5769193,202.0402881,211.997451,211.907291,214.6781692,202.1558282,203.9695784,214.1884206,238.4896909,235.0368749,221.1928636,219.4249212
CIS,Russian Federation,0,0,0,0,0,0,0,0,0,0,0,0,0,0,0,0,0,0,0,0,2172.398535,2210.80471,2268.329301,2291.762951,2290.075533,2233.920546,2167.920631,2072.562784,1895.209017,1726.273253,1616.418123,1562.945864,1463.65519,1445.30584,1445.81398,1452.763056,1466.07269,1465.735245,1494.675408,1489.990814,1465.733972,1536.647406,1528.251924,1555.36874,1446.543132,1492.384766,1558.796389,1572.379196,1538.755032,1539.80223,1506.99524,1520.474913,1507.817783,1564.673007,1548.839636,1456.247685,1581.337921
CIS,Turkmenistan,0,0,0,0,0,0,0,0,0,0,0,0,0,0,0,0,0,0,0,0,33.19409038,39.23276508,39.03941783,39.20157519,40.25990185,34.74266457,35.93646383,34.12374732,26.73075698,28.3622443,23.55201574,33.80014353,26.25760476,32.72225067,31.58505446,26.89898445,33.08573236,28.6712313,38.89205331,38.54871466,39.05382468,39.37941942,38.45318536,32.26384076,50.3320846,54.30682369,59.92970273,65.16784761,58.29143197,60.4596303,71.53786589,70.85565311,70.16103791,77.63327892,84.05241815,79.2090514,94.26693167
CIS,USSR,1919.046871,2027.481925,2120.789465,2172.851747,2253.506808,2337.347631,2431.851903,2550.517319,2660.499313,2762.532729,2895.62262,2990.020346,3098.046058,3195.682045,3258.471882,3280.425137,3312.974548,3376.746272,3414.750874,3474.639403,0,0,0,0,0,0,0,0,0,0,0,0,0,0,0,0,0,0,0,0,0,0,0,0,0,0,0,0,0,0,0,0,0,0,0,0,0
CIS,Uzbekistan,0,0,0,0,0,0,0,0,0,0,0,0,0,0,0,0,0,0,0,0,95.82188328,94.82851665,96.88996452,97.59144801,102.2176497,106.4059915,104.8921855,99.4155341,107.6066933,100.3966146,103.7897439,106.8697425,105.9004081,105.604696,119.7008931,122.0950891,122.1803897,125.2584641,113.9436654,114.0247799,113.0745337,106.6623764,114.1832378,108.2352045,105.7166599,106.1121835,113.3635852,109.7815298,111.0836163,114.3600884,108.823698,104.1450883,106.8540853,109.686569,109.5236873,108.2723247,112.2701006
CIS,Other CIS,0,0,0,0,0,0,0,0,0,0,0,0,0,0,0,0,0,0,0,0,79.26683288,78.25396264,79.99498162,82.65391004,82.18164891,83.89977764,66.96630744,52.02728568,35.6925798,25.1618573,20.86490197,21.67715269,21.23987593,21.26730906,17.39313417,15.98354676,16.00993075,16.28196198,16.4082257,18.34461346,19.49164319,20.28496985,22.83700604,24.4192742,23.56694542,23.07160764,24.61001055,26.59719679,25.48351639,27.40717102,28.55207296,29.14388771,29.4315008,33.21094013,31.17703272,29.85860078,32.68149085
Middle East,Iran,21.22631512,23.43411377,26.11489131,29.04386766,32.11280207,37.74916712,40.87102453,46.10015739,56.50620622,63.28825831,74.3950626,85.01128988,96.05110174,93.3420535,102.0425784,95.0799996,97.06407447,109.4318876,130.1597153,140.8189314,153.8164416,143.7502733,152.7110309,154.40118,169.0896308,181.7744945,201.4711415,217.8354878,202.7083898,227.4282386,236.5901209,251.0539178,259.7671291,267.8918713,289.548466,304.8922988,323.8900244,350.9378859,354.9762075,387.0860335,409.091879,443.454524,469.539086,488.4093425,495.4957882,504.8458839,517.0376243,522.6647397,545.1954428,557.1783188,550.9668931,569.7997639,581.134175,606.0505897,628.0726073,645.4161041,660.507933
Middle East,Iraq,5.825662413,6.377669189,6.514212027,6.928331495,7.886495933,9.910299564,10.78670138,12.78279402,12.4683157,12.11376128,12.89090338,16.14951293,17.2890104,14.88704495,18.38507583,24.15959646,22.8845999,23.93636392,27.88862179,30.90431708,35.37283257,40.66383142,45.66017387,52.44903518,59.77006929,54.83086611,35.80867804,55.75251135,75.03392748,85.44994307,84.44673952,85.00247469,102.4491665,75.20021355,53.81340554,80.09854573,89.79810024,84.77957172,74.8858303,80.43527311,75.6734464,72.98923295,71.90992879,83.63557361,81.98604355,92.36236086,94.18973514,103.4637558,115.2488079,110.7692091,107.0175534,121.9951904,128.9603666,156.2210948,145.3712038,129.9958192,140.9501297
Middle East,Israel,10.59395345,10.98174443,13.31181416,13.49842505,15.34614289,16.29108456,18.47986253,17.30635191,18.83921734,18.87137427,19.10145611,19.60505657,20.62234038,22.39475136,22.80767809,23.24622091,23.77580386,26.03931433,26.41428638,28.11403209,26.48856566,27.70870489,29.46561266,31.66837969,33.46086858,34.74847719,35.40226726,41.42026046,44.51570802,46.76856151,52.2494162,55.20599127,59.26756083,61.71469574,63.72853644,60.2397881,61.22293598,62.84815237,64.59485729,64.59399545,64.86779744,65.57612774,67.40396339,68.34312949,66.0058194,67.86115307,68.60255038,74.21066964,66.93426459,64.13185771,66.80746997,66.13502054,66.80157699,66.98838166,69.22991544,62.98818388,63.25570244
Middle East,Kuwait,16.63519373,17.36800183,17.66023871,18.54727356,18.97882496,15.4342996,15.39133336,16.99466571,16.90606332,16.19322881,14.38232636,17.15485257,17.50968209,19.21688144,23.40137773,19.2864461,25.37305124,25.51249525,28.45764087,29.99960861,28.73620826,32.57435782,30.32747363,33.59909459,35.76146792,21.64954675,11.73588736,19.76057463,22.82338472,26.92384332,33.77215307,33.38557653,34.46226056,41.6711853,43.76020823,46.63355571,47.38589798,51.14092599,62.084831,70.04358742,77.31597799,73.45303015,71.04784565,76.79680291,78.57155352,87.42587867,88.91840608,92.16899319,94.62787664,96.34066261,99.56537882,97.8360932,99.82669121,101.8914587,103.7267415,95.88913079,103.1362312
Middle East,Oman,0.025375941,0.031691574,0.138332712,0.166376376,0.240252672,0.24373761,4.291103388,4.905652014,4.261137435,3.896808465,3.531298299,4.015443486,3.777753882,4.237309668,4.759439844,3.940745867,4.074573765,5.703720491,5.144301251,7.479016115,7.597392109,7.036776667,7.944824768,7.663406871,8.783739315,11.28572334,15.6684732,14.85400105,14.14276964,13.19885607,15.25736839,15.55073934,15.63812877,15.99357487,18.7427738,25.39890173,28.09025154,30.81677187,31.65564911,29.5472611,32.80976996,35.80280836,35.42446809,42.36798024,41.75371465,49.04172606,52.20933012,57.56928354,65.6688475,65.19988015,68.7006179,69.08343997,74.27567657,76.17888691,76.0703021,73.14245367,82.10890569
Middle East,Qatar,0.308025093,0.306844311,0.440491989,1.342476093,2.093711997,2.369293185,2.349972777,2.598860343,3.686603619,3.248096949,4.829209282,2.998328898,4.219311911,4.051577091,9.440375866,9.333305048,8.82340848,9.508362628,10.02601618,11.39161152,10.7937146,11.64417419,11.33047851,12.07834252,12.69605028,12.85831432,15.16846626,24.00563645,25.7122327,26.22117112,26.39647451,19.58743591,21.14973213,22.95048169,25.89990901,22.57003275,21.6152673,24.46088928,27.30650618,33.55214833,37.74230486,39.99664688,45.8719046,52.05889198,53.33281041,62.2336424,74.1727337,89.16122799,99.62871595,109.575958,123.333151,123.0939135,115.7124238,118.9874182,124.8401086,107.6421125,115.2875486
Middle East,Saudi Arabia,62.48992785,63.26130032,64.08543483,64.97371495,65.94255852,67.04653663,67.07704685,71.85763278,76.49982839,80.86332732,62.66434089,72.35950537,85.63204988,94.93675377,115.8407988,97.91175577,110.4442426,122.508149,133.8823146,156.8702302,161.5404785,158.8481165,168.2927167,173.2222322,168.780337,202.2825801,212.061114,208.5762788,212.9796236,249.45193,242.0529117,246.5454386,250.8529766,265.0441022,269.8350535,278.1876874,287.1651574,295.1797153,314.6585361,340.3778808,342.7539082,360.2916228,379.2381952,411.9765293,426.8633895,471.9630742,499.8243418,525.0119788,534.116892,573.3072893,591.2445035,618.5269253,608.1061861,604.4556199,582.170688,569.1667098,575.3271445
Middle East,United Arab Emirates,0.218803721,0.233528684,1.144920395,1.4617727,1.473252114,2.016484473,3.046637625,3.281389008,4.290492915,4.769040195,5.259531186,6.774812835,11.08840691,12.77963735,15.2469107,25.88746154,29.78344999,32.27502934,31.11843892,38.33497809,47.74427257,57.86968582,64.406779,72.05445512,80.29366631,81.69423686,100.2437743,97.52004617,101.3926902,110.6293319,114.602456,117.0053133,121.6622676,124.1354637,124.4929313,123.5923961,124.2405825,132.4242417,142.0826218,152.5210063,159.1670725,168.1438391,184.7953463,210.574141,204.3672974,213.7944265,220.7663237,231.9093745,247.1162259,242.9295133,265.163298,275.8693035,277.7309242,272.1691385,270.2531497,247.3975925,260.0845153
Middle East,Other Middle East,14.53883798,15.01867234,15.31480178,16.14300848,16.82492809,18.5946062,19.87762739,20.02199522,23.25059952,25.70935942,27.17981084,30.43457283,33.1460103,35.61694948,40.13382814,41.45230789,43.51929095,51.06700135,54.87952507,59.36950892,60.58328177,61.06495312,64.49484713,67.12529823,67.58726418,72.12118757,77.71074945,80.28914543,82.35310331,86.38918572,90.33506463,93.58471489,97.71329571,105.7413177,107.9580977,108.6950592,112.614748,115.6621599,120.7260002,125.2425482,140.7489608,144.9987295,148.8856948,156.9959757,158.2050697,155.469872,148.7894538,141.179641,135.3906823,134.9827537,124.4939426,120.7820492,125.9493074,121.2225693,121.3334495,112.3144354,116.5616613
Africa,Algeria,5.568752776,6.867505979,6.369306902,6.77113723,7.592118351,8.264424633,8.930844168,9.986480526,11.61221403,12.97369526,15.47522945,17.88375812,19.34421075,24.53464182,32.11140668,38.51578477,46.31018066,54.25844173,59.03239057,56.95771914,57.61245138,60.98556138,62.67455687,66.88505873,65.1347226,65.35382732,65.27828736,66.56237539,62.12419223,62.81518492,65.15931455,64.33488385,61.84085478,64.41032124,64.42816893,62.59487273,64.93262659,67.85549224,70.95447683,74.30688159,76.94545284,80.80320164,85.21888382,90.62226798,95.6727676,94.59840672,100.5779855,108.8766303,115.4399777,123.5980321,128.9676843,127.6966674,130.7310277,137.7355047,142.535667,133.2758642,139.6651022
Africa,Egypt,22.90155826,24.02528581,20.12455718,21.06265351,15.88050104,20.20058905,20.49243834,23.13213587,21.60422878,24.62066318,27.5306147,32.52211261,35.09212582,36.20666009,40.36320603,45.24712079,52.27386476,59.3162098,64.89413564,70.88674864,73.48975871,74.78003262,79.84857487,81.05222602,84.89635348,86.60098587,87.13213556,85.55860779,84.40074118,88.23813618,93.55982928,99.74585517,103.6749223,108.3188288,114.0117143,122.0357992,119.899516,125.2248487,131.9006097,140.130956,144.1597474,150.0431153,159.3778819,168.084582,176.1364754,184.1987184,192.5403151,199.5608373,201.3066842,199.9872407,203.0423362,215.4049452,220.2657953,217.6709554,223.7849471,203.2543322,219.6302005
Africa,Morocco,3.565590412,5.340302194,5.743535275,6.074594992,6.485061793,6.881752762,7.250057952,7.913674105,9.257988304,9.847235213,10.30000548,11.27637807,12.3948284,13.22591774,14.78652261,14.92586987,14.84357792,15.66337461,16.27367344,16.5756639,17.17301305,17.75927289,18.21255439,19.15634047,20.98020261,21.31564882,21.54651595,24.24855174,25.15978256,27.29501694,27.14705095,27.62474379,28.37352611,29.89478817,31.49939227,31.58134425,34.35978837,35.37163838,34.69792963,40.12019407,43.88872546,44.56264295,43.7942543,48.66547737,45.17948474,49.09737412,52.91577822,53.928615,54.3101806,56.46089799,56.71814599,57.06365139,60.08562534,61.68177339,67.79986127,62.0525785,68.91250363
Africa,South Africa,113.2041941,113.5219129,116.8426657,123.1051967,126.2520797,131.6216993,142.2175891,145.6931278,156.6097803,161.7656839,172.4999141,180.037069,184.9938929,182.2441018,190.136317,205.8576379,240.2686593,264.0468127,270.3921616,290.4010885,297.1200884,299.4242683,306.7620244,330.5444679,312.5253727,324.8696109,319.2214157,327.2336777,329.5938969,340.297542,351.1539863,357.305905,365.1495469,357.5515638,370.110977,371.6495834,376.4755751,366.5626696,399.7785025,439.1445806,421.6636468,430.8589494,441.0432425,475.9547169,474.4018776,474.8642614,466.2769623,462.0521481,462.7878455,467.1905218,455.0705984,473.8989341,469.9037322,451.6532601,473.7054543,437.2242981,438.916509
Africa,Eastern Africa,24.95415318,26.99884749,28.27639906,29.35129102,31.19763376,33.20068291,35.33148311,35.14610922,37.54359433,36.56313703,34.88127032,38.29019209,36.53954169,35.886019,35.98873576,37.03066429,35.37935626,33.72661619,36.0804376,34.93673777,37.07976267,39.57893051,41.6618122,44.87081188,45.50608345,51.51731647,48.10687028,48.28281247,52.37734484,52.6605035,53.81329538,52.74335252,55.81149363,55.26718718,55.8294736,53.97040451,57.0912294,56.51571925,56.54035154,62.37816478,64.29893846,65.39253256,67.3319549,66.81116462,70.87660821,76.31014267,80.17929418,80.99663622,89.90413628,100.7110813,104.6753005,103.3391903,111.8647414,117.5254966,115.1265944,102.9243906,110.4551969
Africa,Middle Africa,7.036295145,7.197989144,7.277403319,7.545628909,7.777778882,7.893978668,9.18103162,9.457681871,10.58754087,10.94992662,9.930150437,9.94613693,10.63297099,12.44147112,12.45849425,13.05890395,13.84238896,12.83262495,14.48520878,12.98195326,14.53797154,14.09778741,14.4897847,15.48324368,15.36910843,14.35981236,13.18939694,13.13658223,13.35046164,13.03988091,13.02601088,13.13432844,13.56678705,12.66771377,13.53300122,14.8118134,15.04823129,18.4514837,20.38061416,21.91084772,21.59963189,25.30379246,27.73463623,30.80424702,33.31648291,36.88716941,39.33640849,43.30475588,48.70192607,51.12562801,50.65095221,49.95554637,47.52891941,47.91435783,48.3872248,45.59156682,49.71477176
Africa,Western Africa,14.82065489,15.27150565,14.68463382,14.44900816,15.63276593,16.54854559,20.89066375,22.20469339,24.54419092,25.40959384,27.49214003,30.72784438,34.07938901,37.1436627,38.87701806,43.19354376,48.42353909,51.28885521,49.58926711,45.56533581,47.26484381,44.79183294,47.04987558,50.28316234,52.02146299,50.72500382,52.63905218,58.22807325,58.84208397,58.41233347,59.69077411,64.61649944,64.9154303,68.56945377,68.18189519,71.41973459,76.62006486,83.85479053,82.58107296,84.31057194,88.65365675,81.31186208,87.88687365,94.69481643,88.81536829,94.60232549,103.5038807,107.3905005,109.2161011,110.8529029,126.5452062,130.4369232,139.451549,156.6704153,159.7906884,161.5746864,174.759144
Africa,Other Northern Africa,5.670418133,6.021395846,6.344656041,7.048559959,7.499024617,8.339194604,7.400603798,9.087034073,11.707042,12.63755736,13.90233781,16.77905548,19.11639336,21.26792241,25.62666357,27.19019036,29.23837806,29.86229984,31.9530648,31.43507738,34.51857612,34.46280304,37.27910655,37.71363522,39.80058858,38.8803862,39.02610358,39.72625574,41.64448201,46.38310343,49.64152899,51.59507596,52.96176253,55.00144486,55.1880232,58.55035811,59.66089482,60.60213806,61.72432208,65.15623868,67.59744569,69.69523355,67.10607719,69.45751221,74.15115707,77.95363573,57.42285632,70.88371594,75.66784485,75.28257854,71.70082798,70.5713238,70.36790603,71.18821358,71.53682826,63.53290417,74.99018518
Africa,Other Southern Africa,0.237289426,0.35066786,0.385180016,0.433558689,0.46093357,0.521275706,0.557830764,0.576363421,0.651239102,0.803114453,0.921860349,1.208653327,1.367880067,1.600703617,1.774451221,1.862196319,1.957516815,2.015814593,1.835608954,1.889780616,2.103766653,2.347540877,2.395839965,2.701935655,2.989185834,6.22805407,6.191230689,6.880488336,6.958031599,7.408879571,7.627707553,7.281947782,7.835129646,8.542475913,8.797873208,8.92906827,9.106602915,8.954874456,8.963250607,9.135502866,9.626473198,9.511181781,9.891891164,10.3293147,10.83260636,9.502088318,10.87361997,12.2878234,12.45208201,13.68275878,13.76761969,13.5968314,14.52080348,14.37461048,14.41333607,13.16322407,13.69626728
Asia Pacific,Australia,118.8215019,125.0705572,132.3871346,139.7262968,144.3186482,155.2769689,161.2373936,168.2058126,178.6431231,188.994665,191.8854913,198.3752309,208.404586,215.1107935,223.1482394,224.2615281,227.7826362,226.7731964,218.0058998,226.8457293,232.790074,237.7282519,245.5967227,257.062277,270.3372413,274.8884832,274.7786374,278.7254087,283.2786252,293.3338266,307.6734259,318.0524585,327.8920321,337.3947326,352.9698861,355.0592108,356.8238526,363.4017533,369.8066454,382.8532883,382.9129411,398.3795602,406.7399441,417.3705262,408.8126918,401.9791276,406.7833193,398.0963148,395.002284,398.5197155,407.2253054,405.5819854,403.7359048,401.5137286,406.5685316,378.2392825,369.4328013
Asia Pacific,Bangladesh,0,0,0,0,0,0,2.839018568,3.263065972,3.816193962,4.102016652,4.674983288,4.971582102,5.162838878,5.539695059,6.08397852,7.093946906,7.463859205,7.851133857,7.482268669,7.595265684,8.883231364,9.734379709,10.643563,10.89248805,11.76163434,12.75364911,12.02565087,13.08587722,14.14575489,14.84279471,18.22196174,18.42404699,20.81740971,21.14525874,21.88956355,23.51299728,27.68354147,29.67206495,30.75008221,33.01238794,36.37207524,40.41517576,40.76838598,44.18100708,49.24078146,50.57272513,56.48655373,60.40339714,62.7078626,65.36800178,78.00430444,79.19730794,83.16409725,89.1560317,99.0874877,96.7587037,100.8542686
Asia Pacific,China,488.5254189,530.3490445,475.9206738,476.6827903,582.4737001,748.5071303,881.7011556,945.3767244,987.0023006,1006.768535,1131.272789,1183.141392,1293.548111,1418.532587,1458.454221,1460.86876,1438.27431,1502.026966,1596.66304,1722.027451,1821.737468,1903.607082,2048.107959,2196.815705,2295.043997,2308.792718,2439.954399,2562.756165,2769.614393,2921.357545,3009.163395,3156.655144,3142.3314,3139.807993,3268.473902,3327.983977,3489.727218,3809.263974,4494.135943,5317.167767,6079.259496,6659.973623,7217.139095,7356.559884,7685.020094,8121.687733,8793.491058,8978.73869,9219.099311,9256.680105,9226.202369,9234.416055,9444.870664,9675.985422,9868.525808,9974.271347,10523.02604
Asia Pacific,China Hong Kong SAR,7.134407963,7.697026872,9.07442673,9.781401558,11.46960973,12.32340199,12.96743131,14.7437161,15.27598917,15.60771921,14.74761715,17.38349615,18.79889139,19.57046479,19.98084995,20.45670494,21.84940036,24.66075456,27.00736168,28.06688494,29.56344216,31.21656109,34.77821063,40.18289952,42.79955241,41.27277286,43.04854878,50.14083697,55.07249522,48.43349662,52.21417832,49.71592885,49.04382949,50.80836465,50.18034751,53.39226745,70.00870703,67.1927955,71.2646888,78.46372189,75.7679138,79.9262108,85.61936795,79.17172081,86.47334145,88.3210887,91.98734712,88.70177847,91.52975414,89.65639461,90.5203704,92.68036175,98.9127342,100.1262993,94.62298985,68.11596537,64.55502675
Asia Pacific,India,167.4509926,170.02448,174.4700992,182.540802,197.4764333,189.8960621,206.5854459,218.5677681,219.0153239,238.5965153,253.4062207,263.8439314,277.6243549,276.559522,295.9179337,310.3259031,339.8341023,341.7765817,364.6086781,386.0037302,409.0045243,437.9351205,474.7950698,511.7503415,558.9698607,602.064009,634.8806993,671.9163896,694.0449408,724.7865363,773.4167214,812.4526507,854.9768006,895.6974157,914.3057748,959.7784,968.6432419,1008.581295,1049.382361,1112.116653,1200.245424,1251.858659,1362.68271,1461.970809,1594.154572,1648.312727,1728.350507,1861.39506,1933.964315,2090.728853,2146.537873,2241.494281,2320.239805,2442.597359,2465.777924,2281.241118,2552.832834
Asia Pacific,Indonesia,20.14074804,19.54879432,18.68791574,19.61409071,21.29242966,22.64742209,23.53581927,25.41730516,29.72309243,31.40971524,36.8571576,39.71642873,48.11367945,53.73849001,61.95755648,68.76393439,75.17777228,77.26834309,78.7588733,85.12139958,86.48076394,90.8169118,98.78394266,104.1090706,113.8168388,132.3829982,143.1728997,157.0391033,169.1000367,176.6176923,193.4110005,205.6292763,230.5032991,228.4846079,247.0255345,264.0608928,286.7704705,294.5849731,332.145436,322.9700923,332.8315224,353.8806692,384.5516748,378.8896197,390.9465532,432.8775994,470.5538318,489.5404997,460.6492849,468.9549211,488.9895228,487.8339223,514.6267155,565.5615474,613.1539318,560.7590049,572.4722503
Asia Pacific,Japan,446.8982708,492.8140499,578.1544618,641.642074,731.4758729,810.5198102,845.3465513,880.9128766,994.9789682,985.693269,923.5569196,951.1964819,960.65324,924.2743967,949.6519384,920.7156254,914.7396725,863.5983718,864.0109913,952.645548,930.4526959,919.8030673,927.6077485,999.2888323,1025.490038,1084.117189,1100.834997,1113.271377,1107.483913,1171.489945,1187.475773,1208.549961,1207.561505,1175.809078,1207.938549,1229.998171,1223.54946,1234.358156,1274.317585,1258.429976,1291.618313,1268.978136,1282.624303,1293.067255,1124.076159,1195.913537,1207.464425,1293.792728,1282.187739,1248.654066,1209.145962,1189.255216,1182.744225,1161.52223,1121.7051,1029.519515,1053.700961
Asia Pacific,Malaysia,8.260369665,9.550323235,10.37290341,10.67522281,11.59570701,10.82763838,12.2987539,13.72516955,14.54624537,14.79032727,15.18726736,17.04514434,19.91641004,25.33613719,28.87068688,30.20202801,31.46134613,33.4461658,38.14237013,39.49987,38.28020672,39.67011225,40.51636603,42.53017634,49.55033533,54.62926415,67.32824014,76.60163923,74.0358461,79.59122443,84.90128931,98.9185052,114.0286314,108.2583843,113.5418761,131.3906826,137.3188215,145.5323479,159.7891589,174.1382301,187.6272603,187.6266678,200.0099217,208.0656908,199.6726943,214.002116,209.7697543,227.7033878,234.0548025,243.1142566,247.0545835,252.5726819,241.2171733,251.1284039,256.8553633,240.5770804,238.5892165
Asia Pacific,New Zealand,15.04721161,15.79585413,15.73380141,15.67093531,16.1982842,18.24255687,18.08231404,19.35070776,20.89655448,20.65275097,19.86438177,21.60403385,22.43128751,21.13917472,19.74108082,19.20631368,18.85127794,20.44042443,20.55822569,20.65002751,21.1181287,22.10602258,22.47129423,23.54248884,20.56487814,25.89158636,26.35276545,27.99273974,27.43633232,28.48742754,28.78599708,29.70988004,31.7498395,30.44783435,31.69990331,32.22989847,34.44702857,34.35242049,36.64384603,35.72583959,37.8650417,37.74692625,36.65428201,37.54393789,34.57909294,34.44148483,34.36861412,36.03184276,35.5670957,35.63434157,36.24228084,35.45908672,37.57022166,37.37419063,38.49014942,33.38990243,32.69039378
Asia Pacific,Pakistan,19.50443206,19.30198414,21.05102036,23.81117203,23.21818969,22.69524659,20.02167906,17.89034221,18.95337871,20.49387567,21.14138545,21.22326997,22.69693754,23.63281755,25.16355404,27.42566304,28.90104641,31.94859975,33.94939897,36.68908962,39.1612645,43.32133047,47.56818268,51.281993,54.77172636,58.46198071,62.63559109,65.55981312,72.56770623,76.15600128,80.03464889,84.81848456,85.31844169,88.66062384,94.3869678,97.8720771,98.99021345,102.1261615,107.2631257,118.0881894,120.4854855,130.3083267,141.7446735,145.915097,146.0936541,146.1264571,145.1724575,144.6138432,145.3062206,151.707894,160.2571954,176.490258,188.7043759,196.931132,207.1207062,206.275096,226.3814224
Asia Pacific,Philippines,13.20943986,14.3883421,16.1683035,18.37843921,19.71248584,22.40719916,25.98338802,25.4896704,29.57810423,27.77264021,30.04895209,30.97291754,34.04547692,35.27489961,36.33638169,34.66643913,33.03265079,31.86713869,33.76077857,29.15555376,27.47617078,27.74061968,31.9725442,35.14233034,37.83883793,39.94286464,39.41798695,47.52421223,48.79671639,51.24345093,57.99929415,62.45144564,68.47356791,69.23376834,67.36724477,66.84629273,67.69553217,65.89577772,67.99915752,70.29568047,70.42486705,67.53609331,71.76485468,74.00394254,74.49971958,79.93848006,80.65146263,83.09574528,91.85924293,97.30815243,106.2076807,116.4439586,128.8666741,133.7491727,140.7149687,127.2256758,136.7914782
Asia Pacific,Singapore,13.09258056,14.96697986,18.02210684,22.43462047,22.03957111,23.92745443,20.685392,25.93484214,24.21573103,23.90027082,23.51619278,27.86658559,27.96401306,28.49556636,30.35381822,30.14808786,34.73222037,33.67826088,35.72247272,36.69011619,37.13768927,43.28669624,44.73927056,52.09222173,59.80609259,69.62332449,71.15014569,76.31092987,83.05939617,95.6777571,98.55462865,98.37301521,102.4039977,101.2021721,99.95250669,107.0962955,117.5355401,111.7996052,103.6814785,116.1997809,127.2668608,140.295688,151.4233929,163.3844412,176.6788728,185.3375778,192.7224285,191.9607653,191.4369707,190.9917727,202.7603787,217.0239335,228.9044439,225.2041519,217.3200576,211.5932784,215.6834478
Asia Pacific,South Korea,24.87125435,29.61080996,32.78186458,36.30333844,42.48406458,49.03402898,52.60232239,54.59002932,67.74755622,68.77850751,75.26617287,84.0958768,96.225488,103.963947,119.1805505,123.4286463,128.7295529,129.1191931,135.3480466,148.032888,158.9245498,169.9891857,179.1528422,204.1221168,215.4822194,235.4376005,263.8189082,288.3409434,317.9313473,343.3661532,372.7142181,413.6194939,438.245773,376.5942423,410.504764,437.2082396,450.6181796,468.9352213,478.2927294,487.824334,496.4409347,501.4880114,513.3461745,525.8719039,530.2049939,586.8661933,613.7063946,612.6149571,619.9891816,615.0062444,622.7804416,633.1726319,641.8280008,659.110413,635.3225847,588.8409712,603.7605941
Asia Pacific,Sri Lanka,2.53463789,2.595965823,2.658964216,2.725855493,2.785828032,4.610215828,4.691137903,4.865681643,5.196510793,4.154294857,4.311701564,4.18261405,4.490574911,4.615969348,4.855576817,4.942241903,5.146768701,5.618642572,5.817301505,5.536939959,4.869701324,4.991656816,5.599116999,5.201706864,4.814583803,5.374766022,5.362431145,6.117279899,6.144322747,6.666000146,7.10096443,8.660274693,8.886924199,9.257661599,9.978723824,11.48514979,11.21526587,11.98815091,11.9247869,11.74399342,13.60724116,13.86973273,14.7145345,13.55575764,13.95834634,13.99947615,16.36473705,18.21026515,15.93458864,19.63505504,21.6147672,24.73533425,24.41965135,23.41701791,25.31353021,23.79792194,22.81080724
Asia Pacific,Taiwan,18.8475257,20.03823522,21.79053015,23.86789032,25.22903577,27.55651556,33.85798376,35.34483768,41.49692158,38.57629691,41.84987273,52.21474509,57.13257224,65.31939495,67.7070251,73.62185309,64.77406915,67.84906417,72.74680957,74.70461419,73.72730716,85.49552415,90.56226906,106.8375787,116.7656581,120.1167449,128.4178747,138.3378719,149.714954,158.5025147,168.954435,176.7498778,191.8686215,203.9716589,214.8207229,232.3574742,230.1457556,239.6827322,248.9181382,258.87516,264.1338233,273.2453612,275.0876052,261.8928699,248.3355539,267.9697609,272.9750804,266.7930408,268.4029106,275.2798437,275.5247352,280.7563378,286.7462886,284.6895934,279.1332161,264.6007775,279.2344932
Asia Pacific,Thailand,7.366885964,8.743907365,9.900674154,12.98564696,14.06361301,16.258676,17.89936907,22.29659428,23.61632817,24.27661149,26.11267851,27.57793894,30.89125271,34.07542581,35.61100245,37.36635047,36.08098371,35.69191535,39.32776814,43.27890039,46.06045969,47.77591619,56.42178544,63.76814815,74.00915307,89.40078928,99.0954976,108.6705849,122.5451015,137.3119326,154.0935871,172.0176933,178.7685716,162.5427682,168.6259431,169.6546659,176.6604708,187.8767434,197.3159692,216.1599084,223.8973538,225.7573642,234.5193144,235.8346963,235.89271,248.8032928,249.2705786,266.6859346,265.7614083,273.6624809,281.07715,286.8056158,287.5114558,293.1825351,288.3961264,270.0044918,269.376654
Asia Pacific,Vietnam,8.226465483,13.94399682,19.04588762,19.79527395,23.27636462,24.28217987,21.84581178,21.1191973,22.70024651,17.29528648,19.76235217,12.05243143,12.86303828,13.07570627,13.89414918,14.9397866,15.1961251,16.35711767,17.33886106,17.19853794,17.43202399,19.02828108,21.53136486,20.98277257,17.92974577,17.95683593,17.52996475,18.43596684,20.68466285,23.06916103,27.41422798,31.39410891,38.03081154,41.52215049,40.61500122,47.49222201,51.94219058,58.14193221,63.5269145,82.00094384,87.54801594,73.44819602,80.4479203,105.1900887,103.3139184,122.8291125,132.1141105,129.7253251,134.4902909,150.9798365,184.1944948,198.6999997,200.4159091,241.8885176,292.6003538,276.3191111,272.6952651
Asia Pacific,Other Asia Pacific,125.1964641,134.6302722,148.3395704,163.5324157,172.6192194,187.5242133,200.1119658,214.8244163,218.201215,228.8557652,231.1661071,248.758237,260.8388399,274.8553292,294.470183,311.9507803,325.4523119,338.1074464,351.3922705,363.3711982,375.3277381,385.8642764,374.9485321,384.4929857,383.3191886,384.3326855,375.6545423,349.3627666,341.6046438,339.8339502,335.8010043,319.0268778,323.5038568,311.9317605,324.7329178,347.8482505,363.6325587,351.5311771,355.0904349,370.7620683,393.3808592,416.0604335,411.1856795,434.3119462,417.0010557,438.8712002,431.5219142,443.3353268,422.249152,447.7002195,476.1250319,519.5883659,597.85773,613.0802873,640.9966491,630.3559808,637.95103