Exajoules,1965,1966,1967,1968,1969,1970,1971,1972,1973,1974,1975,1976,1977,1978,1979,1980,1981,1982,1983,1984,1985,1986,1987,1988,1989,1990,1991,1992,1993,1994,1995,1996,1997,1998,1999,2000,2001,2002,2003,2004,2005,2006,2007,2008,2009,2010,2011,2012,2013,2014,2015,2016,2017,2018,2019,2020,2021
Canada,5.000530381,5.323648011,5.566649454,5.924124628,6.28325222,6.726827993,6.937723617,7.467378746,8.10915641,8.364237191,8.240174624,8.629160132,9.127952998,9.30317853,9.576737738,9.762096575,9.704772413,9.412660257,9.36109814,9.958185238,10.28619014,10.38572662,10.71940791,11.14864528,11.25861176,10.83089509,10.8749801,11.16621085,11.44802409,11.88416077,12.17479312,12.50652945,12.56848307,12.38820959,12.78327257,13.13096235,12.85955248,13.29621427,13.35967619,13.56504324,13.65572098,13.57985847,14.09746534,13.92985313,13.38429806,13.51797121,14.02915653,14.07408863,14.4158872,14.45389171,14.54733333,14.34703635,14.5799919,14.70247222,14.63040358,13.8224428,13.93616124
Mexico,1.055970777,1.118099326,1.13957801,1.241152682,1.362338367,1.454514716,1.529384901,1.690485957,1.823291091,2.007651124,2.144097396,2.28197531,2.407338153,2.709035293,2.995347279,3.262764962,3.607493527,3.759531563,3.717526941,3.890974369,4.083826026,3.962427769,4.092837486,4.123673239,4.355385996,4.581670532,4.758692451,4.843727478,4.868507814,5.143297949,5.068147771,5.228963363,5.31558067,5.550156701,5.625112633,5.889787045,5.815412671,5.997982749,6.044984834,6.372828091,6.782949182,6.998350442,7.032896486,7.187125475,7.122738964,7.336261126,7.687863079,7.731667638,7.763674974,7.729461956,7.719363282,7.818504867,7.932166339,7.897639555,7.581279295,6.430212394,6.788998976
US,51.9829241,54.89050835,56.80274233,60.18978741,63.30032381,65.541021,66.9204316,70.25069384,73.22326459,71.43338473,69.55013677,73.35543496,75.22432833,76.89344715,77.70384167,74.70704916,72.49713467,69.54530499,69.30191386,72.84848215,72.66328173,73.33907742,75.80179325,79.25359528,81.17327583,81.38380436,81.27471622,82.47364038,84.2040856,85.75339598,87.62729475,90.58103618,91.26091511,91.84499597,93.4743814,95.56353541,93.28600902,94.67225364,94.96840401,96.83117681,96.87648133,96.11322655,97.42963246,95.05985424,90.37990957,93.42671476,92.61383499,90.17231174,92.61989975,93.58638498,92.68932238,92.60334522,92.94851052,96.34490275,95.65797966,88.53560487,92.97165858
Total North America,58.03942525,61.33225569,63.50896979,67.35506472,70.9459144,73.72236371,75.38754012,79.40855854,83.15571209,81.80527305,79.93440879,84.2665704,86.75961948,88.90566097,90.27592668,87.73191069,85.80940061,82.71749681,82.38053895,86.69764176,87.03329789,87.68723181,90.61403865,94.5259138,96.78727359,96.79636998,96.90838877,98.48357871,100.5206175,102.7808547,104.8702356,108.316529,109.1449789,109.7833623,111.8827666,114.5842848,111.9609742,113.9664507,114.373065,116.7690481,117.3151515,116.6914355,118.5599943,116.1768328,110.8869466,114.2809471,114.3308546,111.978068,114.7994619,115.7697386,114.956019,114.7688864,115.4606688,118.9450145,117.8696625,108.7882601,113.6968188
Argentina,1.18266801,1.220993728,1.256475934,1.298987475,1.342431255,1.272502751,1.3490219,1.365964423,1.427392442,1.484104008,1.450845211,1.521625741,1.589153784,1.5915129,1.708905953,1.699124777,1.648813043,1.679446011,1.750337884,1.754968212,1.733876477,1.831888348,1.914517589,1.946560121,1.877090786,1.846829974,1.876753465,2.013465593,2.080137073,2.191492125,2.261603127,2.365566177,2.393070312,2.478282367,2.5053083,2.515452895,2.45689476,2.355911903,2.525131376,2.681342385,2.846163736,2.990049864,3.120416328,3.160922496,3.072746412,3.185636295,3.273665195,3.401829625,3.538283171,3.527488196,3.587523734,3.570089226,3.566105715,3.540534156,3.350906295,3.171094586,3.432285354
Brazil,0.985930662,1.075608517,1.114484755,1.272549699,1.388923162,1.612262591,1.763074406,2.031646244,2.420470675,2.645685388,2.797176614,3.074065508,3.288564915,3.624298593,3.927725106,4.013769939,3.916471535,4.113547455,4.20092811,4.512714952,4.806339389,5.118880758,5.271005845,5.475819911,5.587308493,5.49950598,5.712490223,5.977900078,6.245300253,6.560446002,6.888492981,7.273275064,7.68878396,7.97075372,8.112268586,8.257129266,8.067244611,8.271287832,8.42543172,8.828934999,9.082535805,9.315534388,9.887404495,10.30252467,10.24320693,11.28335686,11.79652401,12.02145988,12.43703992,12.72959992,12.39721814,12.12181731,12.25415039,12.30258764,12.55541856,12.00091052,12.56561033
Chile,0.262890155,0.28180987,0.287304669,0.286166477,0.308308382,0.325445058,0.35200515,0.363919323,0.350016535,0.346744859,0.312701693,0.328729614,0.34100686,0.360968603,0.372995943,0.385276052,0.395376572,0.362794736,0.373093635,0.390286541,0.396363035,0.414411048,0.435015127,0.48459582,0.532441943,0.560450181,0.62987113,0.699098313,0.738821118,0.775732516,0.836047999,0.885041964,1.011811334,1.013312984,1.05521481,1.118465425,1.128041687,1.168068382,1.160963089,1.218744404,1.268254942,1.353927995,1.381645703,1.372686928,1.345053967,1.349068302,1.466215927,1.502056018,1.518967876,1.488842198,1.524457139,1.599609107,1.614974473,1.685139755,1.735036398,1.619842619,1.663829706
Colombia,0.320030938,0.348763943,0.371414318,0.391457138,0.398509932,0.434839394,0.427690042,0.4803448,0.480064923,0.538029522,0.549885785,0.572899246,0.585881247,0.627285049,0.666646346,0.678670969,0.694423358,0.726378246,0.763005219,0.784230857,0.815700979,0.843770463,0.917415025,0.918885018,0.967472609,0.906366782,0.940825877,0.979813954,1.080912999,1.1619586,1.179663772,1.211537345,1.24611966,1.250548431,1.160041649,1.129236056,1.111851263,1.109185099,1.14843581,1.169735521,1.173360026,1.311372912,1.315604954,1.422044073,1.393797831,1.465021462,1.51498062,1.619360806,1.62851992,1.710254865,1.729481354,1.816163239,1.835619953,1.871680261,1.929538195,1.733450254,1.923512484
Ecuador,0.03116494,0.032804969,0.035494704,0.041911325,0.044529822,0.053182891,0.05843288,0.061053198,0.065347052,0.076276009,0.077249887,0.085049056,0.101136332,0.105782259,0.11015294,0.139745261,0.154998203,0.170324595,0.166819634,0.18565467,0.21948582,0.23006101,0.237115463,0.273856493,0.282411133,0.291535575,0.321979322,0.320325843,0.332033125,0.361161832,0.34134553,0.388488631,0.432796427,0.435038562,0.396830535,0.374863749,0.379738657,0.374793732,0.383786716,0.410601368,0.434609258,0.459668434,0.483309195,0.515826358,0.503298422,0.558699198,0.592719475,0.626160354,0.646232942,0.67882737,0.676966124,0.674653825,0.700439175,0.741212449,0.760704504,0.656447824,0.762230635
Peru,0.203368886,0.247219247,0.251780672,0.256487349,0.258483312,0.266566151,0.279253802,0.250515062,0.287496402,0.332985105,0.342948492,0.348524774,0.35074765,0.349044393,0.363280745,0.38791824,0.407673998,0.407680043,0.360808272,0.380443029,0.377757175,0.404254754,0.4344064,0.423860687,0.389843099,0.385663049,0.38294136,0.372921454,0.406634138,0.442441922,0.481968556,0.49835253,0.502569605,0.504618295,0.519468228,0.535517088,0.529691534,0.542295172,0.534873554,0.568394341,0.594491798,0.599872614,0.656580565,0.706988907,0.724954978,0.825379892,0.910959492,0.940208214,0.961045347,0.98537851,1.032515653,1.102007906,1.134784332,1.195391924,1.22981378,1.039116482,1.199656761
Trinidad & Tobago,0.121052354,0.128798581,0.137296204,0.141531435,0.145952232,0.160850095,0.162576571,0.224078889,0.222252361,0.214072984,0.172493007,0.193944595,0.201780821,0.203168074,0.179509029,0.172620907,0.182270763,0.214069014,0.208862325,0.205872441,0.212768001,0.221224885,0.208849564,0.229514453,0.225797102,0.250559828,0.249799917,0.264407209,0.278703114,0.295355796,0.320299072,0.362884505,0.362790649,0.368247676,0.409280605,0.427807507,0.461597206,0.50090364,0.561568498,0.617577488,0.662182729,0.773418236,0.797530473,0.785801717,0.779289165,0.841932868,0.826824692,0.813961543,0.829064597,0.824803794,0.800290382,0.710038925,0.753428785,0.713135499,0.695053132,0.60585265,0.614570898
Venezuela,0.689345212,0.695904221,0.733737055,0.791758466,0.800543599,0.808111394,0.821562783,0.868470363,0.993661651,1.027885726,1.069016093,1.168886999,1.302698523,1.331094346,1.467553685,1.642406017,1.703815542,1.737627861,1.731478809,1.765490084,1.813582459,1.948486675,1.946941212,2.02796703,2.045020842,2.172797218,2.187508695,2.367412665,2.342366235,2.542782112,2.618629813,2.551905499,2.69768006,2.861028633,2.863344288,2.945943648,3.060703662,3.096324482,2.893598405,3.142847517,3.239021229,3.417566332,3.610080749,3.542923272,3.534642774,3.406866281,3.491684111,3.654400638,3.685528192,3.538199254,3.489028915,3.03697572,3.06346517,2.518244402,2.089417063,1.925408745,2.031533267
Central America,0.163422029,0.163791549,0.171673446,0.178380134,0.187286072,0.196443656,0.203940212,0.216690399,0.237027016,0.252488875,0.278253067,0.295270091,0.312258799,0.327653849,0.338606741,0.328334239,0.32652367,0.324806083,0.325743354,0.340758565,0.353802391,0.367065222,0.390774925,0.388293755,0.41310369,0.427771064,0.452279237,0.49480473,0.531483407,0.563102432,0.607025898,0.617057456,0.650642526,0.720916443,0.746779715,0.779863422,0.805225126,0.816814705,0.852342422,0.878056587,0.882997414,0.932802973,0.976329459,1.000979991,0.983128061,1.024812054,1.074590344,1.113716183,1.123465903,1.161115608,1.266222965,1.320645415,1.356779597,1.339656179,1.397432732,1.277667642,1.435581184
Other Caribbean,0.789570792,0.817823814,0.851065163,0.869452135,0.891423222,1.021004422,1.057728332,1.128754823,1.217129317,1.210146802,1.177368644,1.200125467,1.258811551,1.292710995,1.333477504,1.497964979,1.515804239,1.323554348,1.275693826,1.350901621,1.270492841,1.252524369,1.302674045,1.316743403,1.367797491,1.351391589,1.319765318,1.250324414,1.250717342,1.308563184,1.311244098,1.360670898,1.439361138,1.492142885,1.452884184,1.648634472,1.680358307,1.716444971,1.734758391,1.744903163,1.747887766,1.786938725,1.736859146,1.672782211,1.577109104,1.54719754,1.581709155,1.559487915,1.524152623,1.502676664,1.543560601,1.60047525,1.560569866,1.607187945,1.659465838,1.46534679,1.651022738
Other South America,0.146942302,0.163286135,0.164935853,0.169920552,0.181115819,0.189172664,0.198151864,0.20251011,0.212446461,0.209717547,0.227345033,0.232703027,0.240797663,0.265992391,0.2751347,0.285569186,0.27441981,0.260566766,0.254163421,0.254013958,0.289702893,0.383444885,0.454210179,0.481776434,0.529408643,0.574401788,0.606925412,0.614769931,0.66631649,0.745820198,0.836337791,0.875676,0.952041269,0.990582318,0.989249171,0.975093979,0.901914847,0.933862757,0.976649682,0.960770675,0.967752689,0.964818166,1.040538381,1.06909861,1.098676568,1.149924501,1.187926127,1.207740474,1.251817905,1.224091587,1.241204521,1.34594862,1.327074617,1.345647816,1.277759619,1.163581074,1.178145214
Total S. & Cent. America,4.89638628,5.176804574,5.375662774,5.698602185,5.947506808,6.340381067,6.673437942,7.193947631,7.913304836,8.338136826,8.455283526,9.021824117,9.572838145,10.07951145,10.74398869,11.23140057,11.22059073,11.32079516,11.41093449,11.92533493,12.28987146,13.01601242,13.51292537,13.96787312,14.21769583,14.26727303,14.68113996,15.35524418,15.95342529,16.94885672,17.68265864,18.39045607,19.37766694,20.08547231,20.21067007,20.70800751,20.58326166,20.88589268,21.19753966,22.22190845,22.89925739,23.90597064,25.00629945,25.55257923,25.25590421,26.63789525,27.71779915,28.46038165,29.1441184,29.37127796,29.28846952,28.89842454,29.16739207,28.86041802,28.68054611,26.65871919,28.45797857
Austria,0.682193806,0.713970251,0.721308576,0.771269656,0.798935384,0.914937225,0.9111029,0.942572746,1.013436469,1.018663768,1.011828899,1.047217325,1.049751697,1.095083406,1.159981825,1.155145712,1.121472425,1.084757899,1.081782638,1.070887012,1.136900149,1.139164597,1.202468495,1.184878111,1.191506685,1.206603871,1.265450041,1.245496193,1.267648924,1.259889985,1.321310763,1.323015276,1.350967145,1.372618817,1.403761086,1.409128533,1.45932962,1.461625026,1.476913518,1.504333282,1.530598512,1.514635045,1.482504253,1.51128273,1.464389886,1.512264861,1.416072966,1.490844818,1.480687608,1.421382683,1.423025076,1.470672748,1.503462893,1.46817992,1.541586865,1.441154375,1.482714071
Belgium,1.486588374,1.432292313,1.503557575,1.675501153,1.838789436,1.942527777,1.905603767,2.025838394,2.053173451,1.982817335,1.864869231,1.978485556,1.982168755,2.068971428,2.128762544,2.037982918,1.937869802,1.853568025,1.79628946,1.877316521,1.959725749,2.022205887,2.083246621,2.124734299,2.140453697,2.236869521,2.314367227,2.309433493,2.272258454,2.390068921,2.419631349,2.569973248,2.596542806,2.64739134,2.628507567,2.676054476,2.652691472,2.640508118,2.742087693,2.752631813,2.722024195,2.729667984,2.748488531,2.792642413,2.611703341,2.783665443,2.601456592,2.494269327,2.563202477,2.382676395,2.415307796,2.604336152,2.633579966,2.613477695,2.697461262,2.435984696,2.72612517
Bulgaria,0.431732361,0.462835518,0.537626258,0.600975357,0.669843746,0.75369047,0.784789197,0.807545767,0.839064937,0.864110014,0.955126025,1.011613904,1.0660556,1.103839689,1.14571344,1.209571061,1.19172364,1.220852764,1.229139553,1.222015517,1.212763172,1.237083878,1.246660819,1.275726729,1.264636944,1.167972497,0.944195241,0.886455463,0.943842352,0.908726874,0.977976854,0.974075153,0.923341026,0.885956345,0.774001819,0.782841062,0.808985335,0.789927363,0.819336413,0.793313005,0.858595129,0.875058626,0.847000588,0.833328306,0.729273305,0.760057081,0.807562424,0.766956719,0.710411489,0.758715448,0.806709288,0.7640383,0.780837387,0.783447073,0.756453277,0.697865709,0.783416482
Croatia,0,0,0,0,0,0,0,0,0,0,0,0,0,0,0,0,0,0,0,0,0,0,0,0,0,0.361631286,0.305313919,0.289883441,0.302423782,0.305508916,0.316214893,0.3392824,0.336098504,0.355393237,0.367529489,0.347580412,0.365463771,0.365835405,0.382752664,0.397951997,0.393430826,0.388619295,0.39044052,0.388322094,0.383420705,0.389746741,0.340032334,0.315341534,0.345855048,0.345643512,0.3276791,0.341035872,0.341220247,0.353377575,0.344927492,0.328962486,0.357841
Cyprus,0.016848902,0.019219077,0.020834117,0.023138106,0.027323257,0.028817385,0.034374652,0.038653286,0.041469013,0.036767103,0.030708828,0.031223014,0.035269141,0.036160147,0.0366942,0.037003194,0.035482297,0.042529651,0.044750447,0.04540496,0.048835367,0.050916378,0.062210971,0.064242021,0.065923317,0.069388329,0.070243764,0.082068048,0.08528464,0.085436497,0.090830423,0.092177344,0.093065842,0.09880778,0.103970444,0.108939979,0.11019475,0.108669371,0.115517882,0.112422109,0.12597403,0.123882954,0.125951769,0.129079042,0.126012833,0.122601723,0.121410507,0.113777879,0.101802435,0.101859826,0.105064112,0.114252976,0.117344472,0.116863714,0.116976604,0.101812739,0.107275874
Czech Republic,1.687601401,1.700224245,1.673784589,1.745611864,1.819918811,1.896737456,1.993324113,2.004643498,2.016592568,2.038217292,2.121478501,2.180623206,2.252334642,2.283849363,2.307993736,2.235008627,2.218410953,2.192416401,2.195918965,2.269087651,2.273435407,2.298792072,2.351718392,2.362008874,2.289600189,1.968278538,1.791500652,1.738725869,1.724834887,1.679316211,1.750370236,1.810518988,1.736351698,1.685772415,1.616425065,1.708123988,1.746880377,1.752210848,1.852373807,1.898644141,1.869716609,1.905977183,1.885145252,1.849113134,1.774275416,1.848948954,1.808195274,1.799126351,1.765588641,1.72769675,1.694533992,1.671495862,1.747719934,1.742159767,1.72031551,1.591545175,1.67766756
Denmark,0.598349785,0.680613861,0.684444522,0.715200688,0.820967747,0.874761925,0.826686558,0.872432188,0.844090425,0.767930052,0.756862116,0.833195438,0.850281363,0.862626914,0.860899061,0.838659248,0.753290537,0.719979748,0.684408937,0.69585369,0.784136576,0.801516597,0.772706623,0.764302471,0.704932309,0.727059624,0.838273371,0.785292463,0.832693456,0.893001351,0.877030811,1.043600058,0.946792679,0.913288771,0.885775992,0.851469839,0.853979386,0.852319615,0.918837214,0.86994631,0.840042123,0.924607919,0.877392465,0.844559657,0.79492254,0.837600117,0.791905911,0.73404394,0.766741375,0.742654128,0.71763963,0.724199317,0.728622955,0.717962642,0.704135262,0.627261522,0.671560159
Estonia,0,0,0,0,0,0,0,0,0,0,0,0,0,0,0,0,0,0,0,0,0.426429403,0.424378271,0.430798859,0.423478313,0.436410206,0.459253812,0.42023552,0.292996745,0.243312939,0.246739691,0.223796637,0.237645118,0.234099209,0.20999207,0.193441603,0.199270396,0.208103427,0.20738537,0.226168859,0.230763342,0.232083393,0.229257504,0.265519012,0.24427437,0.211382309,0.263335239,0.262668178,0.264537921,0.278526441,0.266321309,0.246297302,0.254005487,0.281734121,0.279531694,0.225210457,0.211371148,0.23716471
Finland,0.415452983,0.472914504,0.497707865,0.540111081,0.593713716,0.654150683,0.671692967,0.708158361,0.780402754,0.748581552,0.760504686,0.806543565,0.85299155,0.88531631,0.957046704,0.952785919,0.962029221,0.950016653,0.940919328,0.98042424,1.028668091,1.040495814,1.095479434,1.088311099,1.093009086,1.162345963,1.189363842,1.185480727,1.195604339,1.255154153,1.196363999,1.252419502,1.267244146,1.312266577,1.287126258,1.293913713,1.321881974,1.328705055,1.42278544,1.416808553,1.287097586,1.381788446,1.377686529,1.328555905,1.231436064,1.338523516,1.260971917,1.226525535,1.231778679,1.188962837,1.185287948,1.204082635,1.180132994,1.20331367,1.178508842,1.129152232,1.158714988
France,4.714761629,4.828740427,5.13783008,5.423608181,5.977049029,6.49158092,6.749251984,7.214726185,7.833404107,7.693200238,7.24760813,7.714793866,7.817439253,8.167289812,8.408309777,8.305850712,8.225473888,7.921899757,8.118975768,8.392365759,8.669248676,8.88458267,9.049369104,9.170213966,9.282679673,9.56827121,10.17058538,10.25582285,10.25772842,10.13101258,10.37150739,10.75680506,10.61067158,10.85374224,11.04554907,11.18631366,11.32351312,11.20719332,11.32259008,11.41548589,11.34864204,11.25767108,11.06046644,11.09488996,10.47590467,10.79184447,10.37271778,10.37899494,10.49001797,10.04997775,10.10939847,9.939402462,9.865927736,10.04804871,9.835681561,8.857057185,9.406049403
Germany,10.6894559,10.71720463,10.68995291,11.41348567,12.31120081,12.99965972,13.11680467,13.57280149,14.35447539,14.10489891,13.55244427,14.46085618,14.42588573,14.94783636,15.77847111,15.26123691,14.7860402,14.26496692,14.46664171,15.00116776,15.44518325,15.31683372,15.44824131,15.50075558,15.33668296,15.09350945,14.7263139,14.43361531,14.3694954,14.23501894,14.309262,14.7810445,14.59147366,14.47067396,14.26881728,14.35744515,14.62607731,14.44220258,14.43769543,14.43561553,14.26547282,14.62458379,14.01632898,14.16478057,13.29184876,13.84974068,13.35811076,13.54289312,13.92666972,13.34897991,13.60231619,13.82584251,14.00530819,13.65425836,13.30272663,12.35654105,12.6417138
Greece,0.28492627,0.311940237,0.343431844,0.35689794,0.376998725,0.418905641,0.49907774,0.559859322,0.644161052,0.629776805,0.71384281,0.788665855,0.817884469,0.832257428,0.730931442,0.723987963,0.707463633,0.717059395,0.721075613,0.752895461,0.795277934,0.796968391,0.871489006,0.920162051,0.997450943,1.034324921,1.049336268,1.067826317,1.081911011,1.100316249,1.140458538,1.169260939,1.202568126,1.277214383,1.276937503,1.342987575,1.353690804,1.354934028,1.433937807,1.433627209,1.43857839,1.480693769,1.509652869,1.465486167,1.413640079,1.347311948,1.318223661,1.240678548,1.166953122,1.097086234,1.109914144,1.089106436,0.947622549,1.147698871,1.119773883,0.996553786,1.053126197
Hungary,0.665911497,0.67486627,0.644012739,0.668181191,0.715544804,0.770902862,0.79594924,0.821800773,0.889898583,0.917141159,0.970988142,1.037357039,1.090726764,1.166535624,1.155138173,1.158619628,1.146891686,1.151977425,1.132128284,1.162862139,1.200172348,1.194567866,1.247953377,1.219162652,1.187658586,1.163357802,1.086402305,1.04226477,1.0123907,1.020784274,1.032361314,1.05189423,1.026428588,1.041916406,1.039123959,1.008758034,1.033228494,1.0220208,1.023793632,1.040096145,1.111610252,1.094977211,1.080570724,1.065442211,0.981341152,0.999647736,0.969356883,0.904218884,0.857102278,0.857971993,0.903914848,0.920001429,0.969837181,0.97696001,0.989963874,0.974150816,1.015892667
Iceland,0.027298907,0.028627205,0.02836614,0.030004006,0.029959791,0.036373984,0.039590726,0.043059282,0.05206535,0.050788266,0.048733604,0.050390006,0.053325505,0.055668847,0.058073822,0.058901861,0.060051732,0.06164426,0.063663442,0.066981394,0.066276389,0.069297948,0.071483034,0.075408368,0.078041216,0.078077103,0.076275643,0.078963008,0.082027457,0.082943995,0.085615557,0.090604664,0.09505179,0.102852225,0.112681256,0.119626619,0.12095939,0.125680905,0.126311005,0.128810883,0.129255096,0.141776116,0.162073641,0.203222764,0.202878128,0.202989689,0.202958839,0.204833243,0.211380096,0.21106703,0.220346359,0.221190022,0.231284149,0.23925082,0.227981257,0.205599754,0.210186852
Ireland,0.243587219,0.272903166,0.295810367,0.344996182,0.346138539,0.272893586,0.283440732,0.299256378,0.314529998,0.320041765,0.299323145,0.305558042,0.325668154,0.33880223,0.373630836,0.361527926,0.352767577,0.350235418,0.34515847,0.34148538,0.358336258,0.387009929,0.391389153,0.389516232,0.401300934,0.421314107,0.436445711,0.439496784,0.44904154,0.466854568,0.475903486,0.503286194,0.525329393,0.565210599,0.597869059,0.621830039,0.659039972,0.654741355,0.637683789,0.646257192,0.674896227,0.689201581,0.70938779,0.706642737,0.645830264,0.644826683,0.616718326,0.605675583,0.592955764,0.590845836,0.628133757,0.654044307,0.657044598,0.67171823,0.672148033,0.629668425,0.627178634
Italy,3.342464199,3.62989571,3.931107281,4.247943232,4.572119665,5.047645909,5.314520546,5.573455922,5.816960996,5.815199817,5.69287127,6.008070505,6.027689271,6.175885477,6.368993259,6.205653618,6.075454151,5.954730408,5.829625084,5.920382173,5.896298179,6.057094565,6.237036625,6.390607124,6.568247982,6.677589527,6.887276468,6.859184292,6.714193226,6.69900963,6.971029641,6.968873214,7.089423764,7.252492655,7.456978124,7.55742669,7.551132568,7.500067401,7.739224497,7.911071424,7.920898822,7.884243156,7.733878205,7.602858316,7.098139774,7.332237862,7.192485011,6.997958683,6.690960699,6.344352426,6.519272338,6.541363604,6.617740067,6.67310468,6.556385551,5.92384237,6.35520986
Latvia,0,0,0,0,0,0,0,0,0,0,0,0,0,0,0,0,0,0,0,0,0.382639123,0.355566869,0.324442315,0.306204551,0.306132774,0.311278538,0.286846364,0.205324858,0.176960005,0.17144304,0.160445568,0.149274757,0.150380253,0.163663252,0.138939399,0.135915052,0.146391998,0.147680776,0.145867746,0.164000295,0.169047768,0.160356272,0.165334172,0.166447665,0.157763867,0.178828158,0.159625123,0.165339553,0.159345921,0.146683313,0.150259275,0.160200537,0.176267074,0.156821959,0.161308847,0.146501093,0.15196138
Lithuania,0,0,0,0,0,0,0,0,0,0,0,0,0,0,0,0,0,0,0,0,0.650495292,0.60022442,0.628804955,0.659950605,0.714861037,0.726795356,0.768343559,0.470638537,0.36804868,0.317671406,0.354934747,0.386234308,0.356199462,0.382167021,0.31779262,0.280923745,0.328477563,0.350564925,0.367603553,0.370712715,0.336529268,0.322281551,0.352657946,0.349569775,0.321220358,0.23661162,0.245681347,0.246791187,0.228063107,0.22008783,0.22995231,0.234206001,0.247399813,0.253658663,0.252611993,0.251923125,0.252673974
Luxembourg,0.150494601,0.144205982,0.142025182,0.153607782,0.165311734,0.171652436,0.165040327,0.170188951,0.180416881,0.18321814,0.152194043,0.152434319,0.142279282,0.148023256,0.152151725,0.140260348,0.119961521,0.112393277,0.105065561,0.113198503,0.116237203,0.113630827,0.107393098,0.110058826,0.126421149,0.133744517,0.143743454,0.144154182,0.146047872,0.140437037,0.122164571,0.125637413,0.122970897,0.118755872,0.125494749,0.133935121,0.143520092,0.15689574,0.164534044,0.186407206,0.189190691,0.185855898,0.180452343,0.179138704,0.171334637,0.180416652,0.175756012,0.172630594,0.164492514,0.159387165,0.154924078,0.152853239,0.159676789,0.16716359,0.170232525,0.145788954,0.151514175
Netherlands,1.490256337,1.596158762,1.687680101,1.887815251,2.10523231,2.375271908,2.504778308,2.909297424,3.094854249,2.93744635,2.962243739,3.23072402,3.172731314,3.237050233,3.343940924,3.13990264,2.977560015,2.751897167,2.76504065,2.870528199,2.962253524,3.109104797,3.173163449,3.183733214,3.198448265,3.27864499,3.341027864,3.380822682,3.40907819,3.372511757,3.509862628,3.66159838,3.59586194,3.621391692,3.577596592,3.62455004,3.764006067,3.76581999,3.791074377,3.919479354,4.004071081,3.922472942,3.987086597,3.939799656,3.88544781,4.113281789,3.942049119,3.812845633,3.698715194,3.490674855,3.540612273,3.606062259,3.551792152,3.550973611,3.547961846,3.38463179,3.474543751
North Macedonia,0,0,0,0,0,0,0,0,0,0,0,0,0,0,0,0,0,0,0,0,0,0,0,0,0,0.106774448,0.10601073,0.108853011,0.109006096,0.102390528,0.103144088,0.119809145,0.108049034,0.122126361,0.11701427,0.111051778,0.104488439,0.102101383,0.11511218,0.113677469,0.117168634,0.119121586,0.118226242,0.114232,0.1125365,0.122006504,0.12170732,0.11293321,0.108443267,0.100671665,0.10613935,0.110123213,0.105961669,0.105848359,0.11179989,0.097366778,0.104596337
Norway,0.775522713,0.793417237,0.852055424,0.954599679,0.956039402,1.000445985,1.052509023,1.116192167,1.182761764,1.193585515,1.21103585,1.295329593,1.192939997,1.338659545,1.433552821,1.364046343,1.440617364,1.423718643,1.565150455,1.584780265,1.567602186,1.529434397,1.606862224,1.656349226,1.764675984,1.783431696,1.644450201,1.731831419,1.787151135,1.726111418,1.831646307,1.680157882,1.766344979,1.836957021,1.885673105,2.089833503,1.890004856,1.966175876,1.735316375,1.767422605,2.018796388,1.848794599,1.984576677,2.032281014,1.876513436,1.801419759,1.827071482,2.02325903,1.896773377,1.953340337,1.972489329,1.997855089,2.007132339,1.980439167,1.854222238,2.012702108,2.045226403
Poland,2.793791693,2.848241462,2.931479577,3.154920294,3.369837939,3.556516195,3.668916708,3.869707569,3.942230109,4.072522873,4.392969813,4.627878344,4.825495535,5.066504576,5.141709167,5.38426847,4.854501295,4.943010054,4.965746869,5.162100722,5.279192417,5.427936081,5.603884381,5.496858894,5.290283994,4.357187128,4.262990286,4.076627832,4.074651117,3.899448033,3.991401188,4.19021963,4.149146348,3.97511802,3.897798451,3.663088346,3.637643086,3.59848532,3.723143977,3.74838707,3.831643773,4.021132431,4.009735116,4.079922979,3.937019751,4.198229771,4.222549391,4.101268439,4.111015805,3.963397838,4.004332593,4.178475059,4.341242604,4.390684934,4.265093618,4.08304803,4.442018407
Portugal,0.179385451,0.19640365,0.210002016,0.213830425,0.23167906,0.276776742,0.304743876,0.331297592,0.36620477,0.383336008,0.38097764,0.377028903,0.42740204,0.450136313,0.47739042,0.463696924,0.455263519,0.492694295,0.510179819,0.531455501,0.542282131,0.573966982,0.587383772,0.651747286,0.703698924,0.714471215,0.741429681,0.749239274,0.771006975,0.798902201,0.87554512,0.902843465,0.915845973,0.999041504,1.021776028,1.055959722,1.071592917,1.063490372,1.092115339,1.071087947,1.069047999,1.061235223,1.069446035,1.03229351,1.041216543,1.098316162,1.047728153,0.956802967,1.050456823,1.071650937,1.04842114,1.121385661,1.086760385,1.107686486,1.054932423,0.953522868,0.956500828
Romania,1.003395263,1.070171553,1.194240614,1.270727109,1.460922669,1.555238954,1.650835798,1.739793042,1.892965566,1.906183013,2.079039035,2.240433223,2.375785858,2.558714093,2.609338923,2.634647691,2.64091383,2.618185354,2.599933289,2.581194535,2.573654329,2.628298189,2.725621126,2.776087286,2.780918178,2.646774989,2.247999145,1.982425899,1.926798702,1.817463084,1.997289571,1.98504562,1.883971085,1.723842601,1.516215444,1.513194911,1.5303782,1.588704546,1.588480188,1.646368214,1.649865131,1.683441561,1.624291735,1.628810075,1.423099012,1.436158683,1.471231053,1.414657238,1.319833616,1.369823965,1.37687136,1.377252091,1.400389363,1.427117091,1.394430457,1.32965525,1.403318455
Slovakia,0.384610383,0.398100935,0.40018952,0.44166624,0.461218873,0.510240617,0.546912364,0.575157844,0.598378191,0.629776849,0.659107903,0.683776037,0.718702871,0.754021768,0.775768086,0.788583991,0.782433202,0.774064522,0.776301949,0.836270487,0.862801863,0.85533651,0.874645939,0.879016552,0.891633639,0.894073502,0.799878367,0.769472139,0.755914006,0.744635741,0.755097423,0.760328727,0.746356998,0.754275297,0.760656081,0.785689967,0.808409406,0.815136522,0.789574168,0.768945155,0.8106638,0.782617703,0.734071255,0.759609337,0.6918866,0.737035637,0.709211483,0.68151268,0.698689072,0.652300614,0.658702751,0.661721523,0.699294889,0.687860498,0.66545611,0.651086816,0.709854271
Slovenia,0,0,0,0,0,0,0,0,0,0,0,0,0,0,0,0,0,0,0,0,0,0,0,0,0,0.249472531,0.249874008,0.233572236,0.239968877,0.255419167,0.268191608,0.281369762,0.28775594,0.288561231,0.285579048,0.283054563,0.295896297,0.294391822,0.288766566,0.306648874,0.306672983,0.309435325,0.307681802,0.337111657,0.311425659,0.311976488,0.302886067,0.294330364,0.291177946,0.298697416,0.26937831,0.287921447,0.291019735,0.296929051,0.288329816,0.278585732,0.269967306
Spain,1.214663807,1.374489562,1.481551963,1.558869581,1.764749852,1.903537909,2.095922429,2.266424896,2.481256051,2.582522831,2.652584347,2.834347198,2.938535681,2.950665249,3.177906474,3.193258315,3.219182514,3.217679837,3.293904837,3.346504985,3.320218439,3.390091684,3.5149022,3.671227192,3.846195798,3.847516077,3.983466598,4.1728612,4.037404753,4.228889757,4.38987556,4.559645711,4.811202216,5.043176039,5.197333614,5.499493154,5.752271207,5.814270196,6.144730581,6.369587346,6.413209817,6.505919962,6.648575281,6.46493398,5.993301435,6.15557631,6.039465842,6.005973584,5.705607338,5.59998423,5.669864063,5.723907323,5.789199646,5.89348886,5.728983712,5.182009857,5.591630176
Sweden,1.414633262,1.508526953,1.545181958,1.650061576,1.64998115,1.751503129,1.783157403,1.836794158,1.943429645,1.798374154,1.906114469,2.025884006,1.999329261,2.325033502,2.452003716,2.307703884,2.289912464,2.177627479,2.164888511,2.292003361,2.489852886,2.580866533,2.526736538,2.469344908,2.41497429,2.456321808,2.329534745,2.347078198,2.321846776,2.322142221,2.348771794,2.2823745,2.362889314,2.557203231,2.482818804,2.302091762,2.469199466,2.311240436,2.214649996,2.385511172,2.45102985,2.303311284,2.338035376,2.301930874,2.110982084,2.237901835,2.212656999,2.348803031,2.200594996,2.190451669,2.264407399,2.223380741,2.295375782,2.248587397,2.33839253,2.225696606,2.283887149
Switzerland,0.656885903,0.705975067,0.753997187,0.791953101,0.819246151,0.896636446,0.91750873,0.903821176,0.999543641,0.955540555,0.991942993,0.947293635,1.052618382,1.036762488,1.033162939,1.106015563,1.104983149,1.082671199,1.125918548,1.090894078,1.165595749,1.223508294,1.216300097,1.225575446,1.145386424,1.193851383,1.226059908,1.245798476,1.243706307,1.306712062,1.238383208,1.196247563,1.279138468,1.286372203,1.344333282,1.311610576,1.400855618,1.304079759,1.290093321,1.271375287,1.219621839,1.269134842,1.254937776,1.296681171,1.292964417,1.259209117,1.195322754,1.263348288,1.296165393,1.237421751,1.209949,1.138033824,1.140648963,1.1584618,1.208843268,1.11228151,1.073902452
Turkey,0.32916004,0.377698381,0.390757004,0.455135855,0.49689671,0.528058249,0.584580866,0.653133229,0.740170011,0.754835121,0.841269633,0.947501683,1.03710123,1.096285313,1.034142838,1.07459188,1.084281964,1.183252504,1.222964706,1.287734068,1.389933225,1.514530296,1.726536762,1.898584718,1.863405375,2.023193188,2.065394007,2.171879593,2.360430047,2.285811377,2.558072247,2.790383835,2.918822217,2.993281034,2.914598231,3.112843297,2.82826986,3.094678733,3.277038545,3.509205278,3.588306071,3.980998758,4.227681921,4.242040142,4.299365014,4.535354733,4.845490037,5.145812191,5.108875535,5.263732906,5.773171596,6.072974052,6.434644709,6.363344531,6.603654182,6.441361235,6.827258413
Ukraine,0,0,0,0,0,0,0,0,0,0,0,0,0,0,0,0,0,0,0,0,10.01037471,10.05460831,10.26895011,10.27926172,9.835404952,11.50091044,10.78044522,9.109990797,7.985801926,6.825066285,6.659118784,6.206660085,5.986400288,5.776754477,5.690101059,5.707643602,5.626441217,5.591655993,5.730940019,5.709138711,5.779773439,5.847952086,5.824373906,5.623389662,4.790007424,5.136892832,5.309079642,5.194761564,4.930446605,4.350134804,3.612268532,3.779983519,3.511191058,3.643159018,3.447587342,3.305108024,3.334732185
United Kingdom,8.338408743,8.378999673,8.381571061,8.681127713,8.995429406,9.183754876,9.013858549,9.14651457,9.6014993,9.11944496,8.59769709,8.774490369,8.938614936,8.989894296,9.410539835,8.572052063,8.33469041,8.226608738,8.259872428,8.256298926,8.606615308,8.845400128,8.830569223,8.948474246,8.959292721,9.030216854,9.220380408,9.163178816,9.269010179,9.157762797,9.18916301,9.634661389,9.467995555,9.569378602,9.521436143,9.592187854,9.682614933,9.475786813,9.626113822,9.67777609,9.786827938,9.667463081,9.378641822,9.207660861,8.756008331,8.961847034,8.481811087,8.587790415,8.557972266,8.080716167,8.196691241,8.110050681,8.089421266,8.055462247,7.867289847,7.060205619,7.179401539
Other Europe,0.666973507,0.702049339,0.712353921,0.784046607,0.837682865,0.92335823,1.07859371,1.125280092,1.178946319,1.307979141,1.318220751,1.4046825,1.507848354,1.64001903,1.777635549,1.731271677,1.720278723,1.790020429,1.927951705,2.010342047,2.56708076,2.695027609,2.729045819,2.812037288,2.729410192,1.926895797,1.703730645,1.49006775,1.286353646,1.103576626,1.130982586,1.238396601,1.329744099,1.350625147,1.23104673,1.317355812,1.374398769,1.439743455,1.519517381,1.650839584,1.628646515,1.667867742,1.617209666,1.656196587,1.683135937,1.801790675,1.761810008,1.651795703,1.750311738,1.601468704,1.706259855,1.81071018,1.800832939,1.883309069,1.840238753,1.760730933,1.619540029
Total Europe,44.68535494,46.04068597,47.39286039,50.55528552,54.21273159,57.73657722,59.29356788,62.1284063,65.69638159,64.81289958,64.17258696,67.79639733,68.97685664,71.6118927,74.28988334,72.44223509,70.59900171,69.28045822,69.93339703,71.76243533,85.7885161,87.21844051,89.00749383,89.97801985,89.60967842,90.57740201,89.47318445,86.54682267,85.10387682,83.33617737,85.0437539,87.11536466,86.86452502,87.60828042,87.08469922,88.09213298,89.05001177,88.69492922,90.2826819,91.6243492,92.11902904,92.9060345,92.09550323,91.63653003,86.29162804,89.5281965,87.51198028,87.26133269,86.45761436,83.18682023,83.95953481,85.08616655,85.73767061,86.06034977,84.79160576,78.9307298,82.38436466
Azerbaijan,0,0,0,0,0,0,0,0,0,0,0,0,0,0,0,0,0,0,0,0,0.845821814,0.91020387,0.882081984,0.882735511,0.900186644,0.937984434,0.901264497,0.771817759,0.669528759,0.61511289,0.578332782,0.474266556,0.454156723,0.455922628,0.453947844,0.473871516,0.456853295,0.451548007,0.488601326,0.554032554,0.600614599,0.590729634,0.534406893,0.53956251,0.476875368,0.47105297,0.523316858,0.538602633,0.553673922,0.564022595,0.616780619,0.611045864,0.599327277,0.616683297,0.650360447,0.638583731,0.659687888
Belarus,0,0,0,0,0,0,0,0,0,0,0,0,0,0,0,0,0,0,0,0,1.468957349,1.677018102,1.701429714,1.72585789,1.669178362,1.677500985,1.673662342,1.451360501,1.213603883,1.014528722,0.902541915,0.925697456,0.936363856,0.915662682,0.890699909,0.918216975,0.892656371,0.923494213,0.916511055,1.026290311,1.022941133,1.087727372,1.061186008,1.075175826,1.017225163,1.102494114,1.082638373,1.171071042,1.061361162,1.061798291,0.961308843,0.982230925,1.000327602,1.106109689,1.111775089,1.032417843,1.105878633
Kazakhstan,0,0,0,0,0,0,0,0,0,0,0,0,0,0,0,0,0,0,0,0,2.865698512,2.931302074,2.997341364,3.106646713,3.058185693,3.093931548,3.090734699,3.050911525,2.693353231,2.399116206,2.155377548,1.876327753,1.654481866,1.558810602,1.465059042,1.331090623,1.498290011,1.52619709,1.672886717,1.777689416,1.827032401,1.966182391,2.178535933,2.297327827,2.0615905,2.211795331,2.510086421,2.639411121,2.651269308,2.706726603,2.568175776,2.622926336,2.759766774,3.065180198,3.035945436,2.893022892,2.849647999
Russian Federation,0,0,0,0,0,0,0,0,0,0,0,0,0,0,0,0,0,0,0,0,34.39849954,35.00804038,36.15344873,36.78502037,36.92098612,36.27397139,35.77911514,34.43983105,32.10886982,29.29832722,27.72731945,26.68752794,25.23961933,25.19260867,25.51153494,25.97072575,26.38176374,26.27445899,26.81448227,27.05071744,27.01404877,28.21297113,28.36200386,28.49265339,27.07988364,28.13247899,29.09026761,29.15566787,28.78728451,28.85624604,28.3683672,28.99342497,29.1686476,30.24322892,30.02360698,28.88028669,31.29704441
Turkmenistan,0,0,0,0,0,0,0,0,0,0,0,0,0,0,0,0,0,0,0,0,0.515174658,0.64118667,0.637859591,0.642178866,0.659845704,0.546810111,0.56156706,0.53629651,0.440255183,0.469633285,0.386568149,0.563074947,0.431169836,0.536887755,0.512484999,0.431353378,0.544453428,0.459235198,0.634027756,0.627864002,0.635762219,0.642466187,0.623420828,0.511400361,0.833764438,0.89843861,0.99719401,1.087076051,0.965683308,1.000938562,1.198164278,1.18635063,1.173971813,1.306941914,1.421227627,1.339170933,1.604922045
USSR,24.90074987,26.48237992,27.8315565,28.8728157,30.14790277,31.71569912,33.27247162,34.98042297,36.75607543,38.78863512,40.70291098,42.29015827,44.18767104,46.10120213,47.36346052,48.4258572,49.45771048,50.68891581,51.75760811,53.71374124,0,0,0,0,0,0,0,0,0,0,0,0,0,0,0,0,0,0,0,0,0,0,0,0,0,0,0,0,0,0,0,0,0,0,0,0,0
Uzbekistan,0,0,0,0,0,0,0,0,0,0,0,0,0,0,0,0,0,0,0,0,1.681321512,1.649050064,1.717247987,1.727619774,1.787233429,1.87527068,1.852791888,1.756510809,1.889182941,1.853513519,1.830199164,1.888090545,1.86834908,1.864834555,2.113913806,2.15837309,2.165527057,2.220290361,2.035613254,2.029224039,2.025319156,1.896677935,2.031492291,1.90506274,1.89049791,1.91231156,2.012271687,1.955064588,1.963262136,2.029770264,1.937173523,1.854154145,1.914024762,1.921212399,1.924716918,1.87564842,1.968479337
Other CIS,0,0,0,0,0,0,0,0,0,0,0,0,0,0,0,0,0,0,0,0,1.370845157,1.306230026,1.356888975,1.515997264,1.453031135,1.485195428,1.240892074,1.052138528,0.841930163,0.708174537,0.618846238,0.666201688,0.629462742,0.626089386,0.602506998,0.582295897,0.570677752,0.570326753,0.600718884,0.646581928,0.672149805,0.676399176,0.724243698,0.694341094,0.67208621,0.684460544,0.732202869,0.76172778,0.725340124,0.744838758,0.740621669,0.746646651,0.777221864,0.848605946,0.821465974,0.799407764,0.838842245
Total CIS,24.90074987,26.48237992,27.8315565,28.8728157,30.14790277,31.71569912,33.27247162,34.98042297,36.75607543,38.78863512,40.70291098,42.29015827,44.18767104,46.10120213,47.36346052,48.4258572,49.45771048,50.68891581,51.75760811,53.71374124,43.14631854,44.12303118,45.44629835,46.38605639,46.44864708,45.89066458,45.1000277,43.05886669,39.85672398,36.35840638,34.19918525,33.08118689,31.21360343,31.15081628,31.55014753,31.86592723,32.51022166,32.42555061,33.16284126,33.71239969,33.79786808,35.07315383,35.51528951,35.51552375,34.03192323,35.41303212,36.94797783,37.30862108,36.70787447,36.96434111,36.39059191,36.99677952,37.3932877,39.10796237,38.98909847,37.45853828,40.32450256
Iran,0.350245475,0.381732622,0.419944765,0.461701459,0.506718994,0.59774834,0.654770146,0.742383134,0.887295385,1.006083254,1.172335652,1.319288206,1.49378224,1.460417416,1.576687239,1.461799085,1.467132175,1.655814001,1.965965369,2.124592365,2.318188879,2.171784464,2.328335525,2.374485768,2.59551152,2.920618838,3.16882329,3.504325801,3.242693671,3.631482292,3.808598929,4.14318014,4.270082332,4.447824207,4.793645765,5.027644639,5.371709877,5.854923609,5.962300104,6.595048566,6.985079526,7.632974032,8.114369067,8.361593911,8.588965757,8.723463913,9.116568979,9.215706765,9.560192795,9.994844085,9.935994776,10.39948217,10.83442909,11.18856129,11.7448099,12.02317914,12.19029192
Iraq,0.082817606,0.091338952,0.092234025,0.097986953,0.113282523,0.140966238,0.154292525,0.180731401,0.177701238,0.174038196,0.190221042,0.239190142,0.250412901,0.246558189,0.311387419,0.364900613,0.341104927,0.353266988,0.405778902,0.449616179,0.515744387,0.594030407,0.700792296,0.811518354,0.921392874,0.855805501,0.532639904,0.843721183,1.119127319,1.268490913,1.264667238,1.266542205,1.504566104,1.123956261,0.806080131,1.161584451,1.297602557,1.2333446,1.094662941,1.173758021,1.10996103,1.078855332,1.087844852,1.245286604,1.222248119,1.369528749,1.408932562,1.537286322,1.706754811,1.622450619,1.567385359,1.799143612,1.901398706,2.291713959,2.225107977,1.986157165,2.123094793
Israel,0.147648171,0.153539917,0.186275552,0.189624302,0.214314576,0.228777402,0.259613724,0.245932736,0.262156329,0.263267474,0.270527041,0.277349168,0.291232351,0.317992072,0.328515646,0.33327595,0.338962962,0.36629067,0.366524513,0.381406686,0.353726452,0.372083077,0.399017678,0.427657643,0.447403928,0.464897042,0.472607776,0.551514779,0.598926019,0.624854828,0.702757717,0.72827354,0.796372177,0.838060516,0.868581396,0.818538997,0.817967843,0.834419786,0.859812064,0.876921319,0.881235381,0.878653001,0.919135736,0.945881809,0.919108951,0.955830804,0.973726597,1.018583776,0.964040708,0.940686481,0.992445964,1.012728805,1.033240329,1.05022584,1.087388338,1.028635266,1.051429899
Kuwait,0.285197608,0.298373192,0.30369034,0.319595943,0.327372552,0.264267098,0.263364451,0.291449826,0.290390946,0.278643864,0.248424603,0.296274445,0.302901369,0.332686997,0.405818023,0.305006639,0.391351553,0.384920917,0.424920527,0.452815915,0.433998314,0.496974233,0.459058359,0.518377137,0.558181,0.329373613,0.166034511,0.294030958,0.360622457,0.420964199,0.541979135,0.536472363,0.558184518,0.687541342,0.713754449,0.76299532,0.771499218,0.816586435,0.975926549,1.090219379,1.202735113,1.156070289,1.123057083,1.214892728,1.257779726,1.414672016,1.452837388,1.513131073,1.546419853,1.571837317,1.633345034,1.6150952,1.64604922,1.677224867,1.726224873,1.614130895,1.738894798
Oman,0.00035057,0.0004387,0.00194754,0.00234687,0.00334264,0.00336926,0.05569741,0.06363798,0.05535329,0.05086038,0.04645691,0.05348303,0.051523808,0.059912555,0.069023617,0.06141016,0.064900791,0.085975018,0.080460311,0.116976941,0.120855676,0.113254447,0.127566846,0.123800676,0.140471505,0.17591037,0.233525688,0.224967235,0.215416829,0.204625984,0.237238755,0.244020728,0.250965508,0.257929664,0.296933594,0.412557658,0.455348674,0.495525619,0.513287913,0.477651244,0.573575165,0.62663835,0.624242713,0.734310942,0.72885159,0.866480545,0.942263352,1.026611472,1.147892937,1.142952733,1.208036795,1.210471876,1.300434513,1.37097306,1.362940085,1.335192012,1.499264964
Qatar,0.005079899,0.005114512,0.007327358,0.023182431,0.036427104,0.041492474,0.04133249,0.045723369,0.064875657,0.056563846,0.084403252,0.054216505,0.075539551,0.072462458,0.181317838,0.192131315,0.18381316,0.213598853,0.22267569,0.253476865,0.237996052,0.259455497,0.251471158,0.26474296,0.279883878,0.283815582,0.326926153,0.51943128,0.555454487,0.5634959,0.561568707,0.413630291,0.451326182,0.485957375,0.540961859,0.483116877,0.464296506,0.511302603,0.586569737,0.708733083,0.802300339,0.843381785,0.91925893,1.019094123,1.033246207,1.201968746,1.40663243,1.594997518,1.731171093,1.869912144,2.131970815,2.085637737,2.019562549,2.017468132,2.10659051,1.853049386,1.927189418
Saudi Arabia,0.846502378,0.85795774,0.870353602,0.883864971,0.898785969,0.946279629,0.947778834,1.015808642,1.083601272,1.149673571,0.911739071,1.054059498,1.244745027,1.387208628,1.680635832,1.511698734,1.804452265,1.986670569,2.152735283,2.575072955,2.627041668,2.824772324,2.994256991,3.132988446,3.083562953,3.342013326,3.500828087,3.534322703,3.610261158,4.174489583,4.068021106,4.206790291,4.284896461,4.509277152,4.591549171,4.805566572,5.12039672,5.332977701,5.649087648,6.128811554,6.332422174,6.590558162,6.878009919,7.543843968,7.90263448,8.73620041,9.183848633,9.738878542,9.781879408,10.53234393,10.86529121,11.15634446,11.07716777,10.94253365,10.79070657,10.61518399,10.82421316
United Arab Emirates,0.003076319,0.003283348,0.019464321,0.025000967,0.025088131,0.034580128,0.05269691,0.05634054,0.0730552,0.08026384,0.08589315,0.10868485,0.1786734,0.207002921,0.243217381,0.389363098,0.453342131,0.48947755,0.469854986,0.585168427,0.725880717,0.879794023,0.98307752,1.08677705,1.224593812,1.241829713,1.515014778,1.464104437,1.524493277,1.672826885,1.745535614,1.798876522,1.87724305,1.922806354,1.938128307,1.928814821,1.949637675,2.1300953,2.272159067,2.430235427,2.536553057,2.668654648,2.946099912,3.378241948,3.332070939,3.500970074,3.67535279,3.866759223,4.079681764,4.038183378,4.431467132,4.623483591,4.639606364,4.578217707,4.547959349,4.259306241,4.528432432
Other Middle East,0.216684332,0.223112958,0.228686432,0.245693308,0.256452526,0.2840749,0.304751106,0.302466551,0.350411677,0.395203071,0.423413622,0.46815994,0.51728738,0.566615276,0.643772366,0.650055608,0.685232704,0.799052802,0.855571384,0.923790661,0.972911922,0.987754878,1.029898332,1.065816155,1.085930573,1.153656283,1.228044169,1.27846818,1.320542671,1.383532381,1.446550052,1.488871846,1.587209612,1.727742642,1.753677768,1.772785026,1.82186314,1.89151965,1.969429969,2.036127658,2.237361761,2.305990225,2.35703109,2.473912797,2.489312399,2.498946662,2.364865709,2.239413451,2.162787163,2.138084944,1.994663111,1.963992868,2.039600299,1.968819194,1.996841201,1.883990448,1.957378829
Total Middle East,1.937602358,2.014891942,2.129923936,2.248997204,2.381785014,2.54155547,2.734297596,2.94447418,3.244840995,3.454597495,3.433414344,3.870705783,4.406098027,4.650856512,5.440375362,5.269641201,5.730292669,6.33506737,6.944486965,7.862916994,8.306344067,8.699903351,9.273474705,9.80616419,10.33693204,10.76792027,11.14444436,12.21488656,12.54753789,13.94476296,14.37691725,14.82665793,15.58084594,16.00109551,16.30331244,17.17360436,18.07032221,19.1006953,19.88323599,21.51750625,22.66122355,23.78177582,24.9690493,26.91705883,27.47421817,29.26806192,30.52502844,31.75136814,32.68082053,33.85129564,34.76060019,35.86638032,36.49148884,37.0857377,37.5885688,36.59882454,37.84019022
Algeria,0.089397532,0.107397095,0.101690664,0.109241951,0.120741086,0.132332039,0.143038248,0.160732256,0.191702442,0.212072164,0.253330848,0.295567601,0.324765373,0.408101299,0.53474476,0.637714606,0.774670251,0.893203616,0.975479989,0.936706304,0.944267681,0.998965985,1.026605165,1.09951858,1.069445774,1.133905426,1.123542302,1.152816791,1.072781942,1.086915982,1.127321394,1.11572904,1.072295113,1.110056367,1.121163029,1.079804321,1.118926679,1.159021902,1.212919626,1.259200089,1.318577521,1.365192147,1.438703148,1.52480494,1.615893631,1.580381636,1.672157818,1.827618708,1.933116528,2.108207821,2.223065207,2.221185043,2.245660786,2.416901326,2.50158526,2.355888634,2.464502678
Egypt,0.330030035,0.347265888,0.297305311,0.32082329,0.264150611,0.329153867,0.338365381,0.375444041,0.35486186,0.403334339,0.447437604,0.535046545,0.580577178,0.613273711,0.669894138,0.761984005,0.867943208,0.968395016,1.046924811,1.141604448,1.183857997,1.210739582,1.283868742,1.302756531,1.373283862,1.408764489,1.427157618,1.413453782,1.414486188,1.487619032,1.576154207,1.660596493,1.729801375,1.801106192,1.932799601,2.046720382,2.135929826,2.196877777,2.325569911,2.455393795,2.517899855,2.651919615,2.82448584,2.994617272,3.10201684,3.222402367,3.377084958,3.510775842,3.485318787,3.441192339,3.498193476,3.692097897,3.837248637,3.840690674,3.771680825,3.541314934,3.794049759
Morocco,0.063838024,0.084085159,0.088601661,0.095126871,0.104331017,0.109248888,0.116207885,0.125604031,0.139522318,0.149150328,0.151596455,0.164301366,0.184285868,0.19561408,0.218170136,0.218791846,0.212220933,0.218698131,0.224536118,0.227534147,0.23508998,0.243126532,0.250434208,0.264552625,0.291049435,0.297920741,0.301693713,0.337605534,0.341157221,0.376035935,0.368826603,0.38560883,0.400873651,0.411162109,0.426571268,0.422868139,0.456859618,0.468220846,0.469514903,0.534691304,0.57991515,0.591692502,0.586380523,0.647244841,0.631496018,0.700388278,0.735249502,0.747855891,0.767937133,0.778976039,0.793390954,0.802189119,0.83992633,0.869022758,0.948495689,0.864393172,0.955451734
South Africa,1.275222632,1.283144187,1.336157468,1.410148567,1.451933171,1.517320397,1.634495092,1.68850552,1.816577338,1.868740544,1.992267585,2.079366767,2.130336382,2.109625298,2.178352716,2.325111199,2.706934319,2.911375763,2.950031355,3.223877862,3.292402127,3.354124047,3.407223385,3.752278731,3.584597956,3.706808007,3.680093266,3.697337484,3.690928849,3.849512359,4.023059045,4.103145461,4.195953814,4.122091494,4.261480935,4.267379499,4.289530979,4.180049113,4.528646642,4.941979424,4.678431599,4.773818944,4.903893312,5.254948548,5.231612379,5.266075515,5.20185059,5.121732058,5.144418924,5.203840274,5.095065141,5.333678192,5.315418154,5.125565723,5.363061619,4.952758405,4.97843062
Eastern Africa,0.389596595,0.425874569,0.442193787,0.457909568,0.492178359,0.554029753,0.559520019,0.581841351,0.615514685,0.635223961,0.625518501,0.680905229,0.689023426,0.672234082,0.690949713,0.686312351,0.674360131,0.661429057,0.687899867,0.672517591,0.709039096,0.733407587,0.730078772,0.795145476,0.799434409,0.897156659,0.864528414,0.845916147,0.90000224,0.911091215,0.931888118,0.92220294,0.971075597,1.033775613,1.063720018,1.060533236,1.144241618,1.166580054,1.178466963,1.260098655,1.302657276,1.34761641,1.410205443,1.40168191,1.476480344,1.604199536,1.671901949,1.717747324,1.862537542,2.040952588,2.12184448,2.085620413,2.214438949,2.331033203,2.318567793,2.185262467,2.342302103
Middle Africa,0.137816429,0.141480756,0.14013919,0.145432061,0.152206969,0.159613702,0.181338027,0.187819227,0.210255288,0.215609161,0.204742839,0.200316611,0.212731148,0.23691654,0.238251327,0.249554863,0.26451651,0.256862408,0.284387541,0.270737918,0.303905334,0.301812524,0.308471274,0.324041397,0.341691164,0.316984443,0.299676668,0.307507715,0.305073118,0.295787995,0.307066417,0.307922102,0.306291318,0.295561344,0.30783242,0.341328399,0.347302231,0.401794507,0.432025119,0.474467865,0.47236872,0.543780673,0.562063036,0.61452799,0.649038762,0.709764468,0.748476083,0.812493682,0.915187904,0.956327499,0.95247253,0.960859722,0.952531037,0.986598013,1.007905541,0.993460057,1.063904547
Western Africa,0.207293911,0.219364045,0.225067292,0.235338775,0.260773426,0.283111405,0.342974062,0.368220005,0.418034998,0.435140337,0.471148427,0.529057914,0.58927573,0.619300574,0.691564806,0.739640271,0.828725302,0.863875474,0.792580945,0.728753368,0.78152845,0.772502549,0.808044706,0.862748369,0.908784631,0.886184075,0.945515988,1.021781315,1.027006994,1.013577144,1.044642712,1.131109855,1.12702269,1.148094229,1.14874442,1.233928576,1.337757225,1.465199873,1.445024006,1.487658548,1.544393139,1.406138134,1.500973211,1.609958705,1.506035331,1.58771975,1.728455679,1.818827601,1.839055895,1.895381861,2.168012018,2.207753991,2.367402588,2.643860247,2.720012648,2.756904011,2.978847519
Other Northern Africa,0.078959962,0.083726264,0.088411271,0.098180034,0.104567006,0.118232275,0.105119512,0.131457787,0.173468651,0.187767003,0.209073406,0.247610316,0.281418837,0.31398877,0.410795176,0.433609667,0.463635342,0.469214084,0.503936003,0.494543237,0.557390668,0.570765534,0.632120033,0.642373657,0.692107745,0.673402893,0.667991641,0.666306261,0.708543782,0.772421067,0.814980139,0.83491446,0.868859366,0.904197961,0.894132705,0.962575575,0.984103564,0.976506861,1.009967017,1.090436522,1.114726803,1.123985129,1.093862869,1.142580136,1.217266253,1.255925163,0.90585326,1.08397513,1.165403873,1.148006686,1.138571705,1.171017475,1.154894597,1.164826735,1.158873016,1.042609009,1.222163141
Other Southern Africa,0.003362157,0.004571797,0.005050284,0.00564687,0.006193941,0.007266397,0.00768203,0.008116827,0.009151096,0.011326857,0.012419582,0.015585883,0.017033554,0.032650906,0.034519435,0.035702402,0.037157383,0.037403992,0.035194804,0.036500973,0.039464653,0.042026515,0.043049159,0.04660844,0.050395816,0.090812036,0.09257466,0.099670175,0.09993894,0.101911363,0.110814418,0.104661883,0.109045295,0.121255906,0.130845413,0.133768578,0.135768365,0.135531788,0.135707153,0.136630704,0.147089526,0.14480534,0.15035021,0.15536546,0.161582574,0.147628171,0.165985171,0.183420258,0.183382179,0.198917792,0.200414704,0.194931167,0.207038385,0.203380921,0.203039171,0.193040943,0.195013647
Total Africa,2.575517276,2.696909761,2.724616929,2.877847987,2.957075587,3.210308722,3.428740255,3.627741044,3.929088676,4.118364695,4.367535248,4.747758231,5.009447497,5.20170526,5.667242209,6.088421211,6.830163378,7.280457541,7.500971432,7.732775848,8.046945986,8.227470857,8.489895444,9.090023805,9.110790792,9.411938769,9.402774269,9.542395204,9.559919274,9.894872091,10.30475305,10.56589106,10.78121822,10.94730122,11.28728981,11.54890671,11.9504201,12.14978272,12.73784134,13.64055691,13.67605959,13.94894889,14.47091759,15.3457298,15.59142213,16.07448488,16.20701501,16.82444649,17.29635876,17.7718029,18.19103022,18.66933302,19.13455946,19.5818796,19.99322156,18.88563163,19.99466575
Australia,1.532736107,1.605965542,1.703134935,1.806097513,1.880741749,2.052365825,2.155707442,2.253942063,2.409681329,2.562843911,2.60604077,2.696717536,2.829486677,2.920395162,3.02864914,3.03928907,3.088057979,3.059710133,2.955381088,3.068712132,3.159251727,3.22165795,3.316254448,3.468422475,3.643501675,3.71901411,3.691101119,3.751877701,3.83068186,3.979677923,4.155476266,4.277292753,4.382236949,4.486790047,4.670450336,4.698934292,4.735387176,4.830282402,4.89910435,5.055998935,5.077260719,5.295016584,5.422201433,5.514283684,5.434360348,5.43181918,5.600592144,5.5183499,5.58835403,5.626763984,5.758417781,5.781415512,5.760971214,5.83645841,6.044069517,5.736940993,5.720003054
Bangladesh,0,0,0,0,0,0,0.048264767,0.054686168,0.070128912,0.074687584,0.076791993,0.089614841,0.091577558,0.097286129,0.10726163,0.125101376,0.132622902,0.146308848,0.144684692,0.15639308,0.173786772,0.189131673,0.208744368,0.232474941,0.250611289,0.265883052,0.256516594,0.279757991,0.307568717,0.326484268,0.385591052,0.403928872,0.424406929,0.452013053,0.457147324,0.490034988,0.560105961,0.577841132,0.61242715,0.633472257,0.683131895,0.740129904,0.757520756,0.801551937,0.880796973,0.90194697,0.980171074,1.049273473,1.08116416,1.125317322,1.308720602,1.330791778,1.382938529,1.464803471,1.629306924,1.579702617,1.653675346
China,5.530299324,6.009508457,5.403846455,5.460105296,6.642670197,8.502114261,10.08044705,10.86781164,11.47281506,11.83234213,13.24958953,13.94937566,15.21054826,16.67531802,17.17857264,17.37912239,17.14985924,17.91673292,19.07171367,20.46652059,22.14133543,23.19878234,25.02086013,26.8816037,28.21117132,28.57769777,30.01539901,31.58535138,34.04748224,36.17572412,37.26957093,39.26681804,39.53208171,39.60203815,40.98984536,42.48102382,44.89222836,48.88976636,56.94752257,66.63288669,75.69779323,82.974124,90.17745786,93.66840582,97.77203631,104.5950474,112.8008691,117.4332839,121.852246,125.4095146,127.0188762,129.1548552,133.6037137,138.8828493,143.922566,147.5804732,157.6472254
China Hong Kong SAR,0.094687243,0.102692959,0.121294094,0.131141122,0.154079783,0.165534032,0.174814767,0.198554721,0.205927483,0.210807083,0.198457536,0.234327506,0.253021682,0.262860673,0.269146653,0.275024968,0.293073079,0.321661076,0.341074764,0.349425983,0.362765692,0.380127299,0.417670201,0.481136694,0.514294048,0.501687875,0.519801893,0.611744105,0.667808298,0.605134423,0.650450304,0.650127678,0.657695199,0.670441558,0.679038316,0.71091115,0.89791281,0.8763571,0.905059593,1.013496966,0.972325717,1.028708906,1.094452061,1.018271833,1.111890019,1.156232518,1.185591802,1.139362036,1.170197337,1.142048597,1.175382335,1.206411375,1.294180888,1.309233949,1.241018805,0.929132816,0.875686276
India,2.230025157,2.298289754,2.370360538,2.534346851,2.809569671,2.74946686,2.859790588,3.009090878,3.071965451,3.254355471,3.499240442,3.67003479,3.881952026,4.03550219,4.258652137,4.386956246,4.857424342,4.809776467,5.058180643,5.403306785,5.703345685,6.104126141,6.490272963,7.06428536,7.716289042,8.282524513,8.739587346,9.189980126,9.41849304,9.925636566,10.66722484,11.0938728,11.70723566,12.41818792,12.77815992,13.42265168,13.47786917,13.91670459,14.41468148,15.65129454,16.57299639,17.45899348,18.94720102,20.0545086,21.61164912,22.5700519,23.94255798,25.3731164,26.25964002,28.07918297,28.9087283,30.16396772,31.32377633,33.33726204,34.14827042,32.1908858,35.42836866
Indonesia,0.30425769,0.302025904,0.298430115,0.318331056,0.359229944,0.385041005,0.366847302,0.389041358,0.438745478,0.470175661,0.575727535,0.604681476,0.799506108,0.899478104,1.024067507,1.100199671,1.179552158,1.202678632,1.273642763,1.40196971,1.486744689,1.587691812,1.675782657,1.769051276,1.961529427,2.160644103,2.350578183,2.580697075,2.749833658,2.878728315,3.133022352,3.359327303,3.645702887,3.584047648,3.913148434,4.188876561,4.486751241,4.608195207,4.999179088,4.950996009,5.094200764,5.200793164,5.576480726,5.627998342,5.806811176,6.366625216,6.785083993,7.0286446,6.778798695,6.86464865,7.003192416,7.072464257,7.390629497,8.194866622,8.746008034,8.098667004,8.309739918
Japan,6.564829697,7.249915809,8.298127692,9.250928445,10.53764068,11.77696406,12.54125908,13.13777644,14.57616976,14.64576996,13.99196432,14.50304747,14.6044925,15.21365031,15.81482695,15.3518804,15.13661909,14.55835212,14.75485008,16.00662956,16.13163396,16.154049,16.47890425,17.52474817,18.12730437,18.78713925,19.2104768,19.41098169,19.70341186,20.44073767,21.48542306,21.90049119,22.32206323,21.87648181,22.23469452,22.47291306,22.26014151,22.29278493,22.21276211,22.46943395,22.5469297,22.4953339,22.25450472,21.86365785,19.94980751,21.26726693,20.14408261,19.98913771,19.84350747,19.34156132,19.06748523,18.82305935,19.05243271,18.9508772,18.50738821,17.13192222,17.74027404
Malaysia,0.11911107,0.137780979,0.147967487,0.153009809,0.167884554,0.15934691,0.177991999,0.198259739,0.208897263,0.211782006,0.218426861,0.243899622,0.285300079,0.37896891,0.435852404,0.455801639,0.471209118,0.504578917,0.579462744,0.624497963,0.618781582,0.679171596,0.700305135,0.736569448,0.8243724,0.86754787,1.086717921,1.225995785,1.233052698,1.309453904,1.43262421,1.599383212,1.855624957,1.783588196,1.905942735,2.200662112,2.253251278,2.372893615,2.570918081,2.77781347,3.006328396,3.041205239,3.243930674,3.358027036,3.251745978,3.357392505,3.415949538,3.737089037,3.911032124,3.950237207,4.011648436,4.222105453,4.27806506,4.354111244,4.469520545,4.102116331,4.190895437
New Zealand,0.306784521,0.325977165,0.328827357,0.336510977,0.342277727,0.380911127,0.39888475,0.425658849,0.442714287,0.450847053,0.457983347,0.472901346,0.481340651,0.475135335,0.481946884,0.48463778,0.485780194,0.501314561,0.521113038,0.549002264,0.555111552,0.598751666,0.604233063,0.632822165,0.567452281,0.67069244,0.683784847,0.684934159,0.704953077,0.745559031,0.772230681,0.783950399,0.786029234,0.78583502,0.790392326,0.826628091,0.817421496,0.847649047,0.820188613,0.849574627,0.823275433,0.830410534,0.827525293,0.830273975,0.827474324,0.845690198,0.850986049,0.856668272,0.863567085,0.902762204,0.907937768,0.91707872,0.933899621,0.927203404,0.949831619,0.861220682,0.841422425
Pakistan,0.296008042,0.298226582,0.330190428,0.374871737,0.376674436,0.370625522,0.346450308,0.32229821,0.344361988,0.373049385,0.391606019,0.397676534,0.430384175,0.460830609,0.502359089,0.557095211,0.598964895,0.660567186,0.706149675,0.747323996,0.78538964,0.832463255,0.93379152,0.992019311,1.052081414,1.099792627,1.165322438,1.224102919,1.354728968,1.401774872,1.478446322,1.574735389,1.52238432,1.633855953,1.705399465,1.741515496,1.782540552,1.850793625,2.015736279,2.243023069,2.327343152,2.452794506,2.607878033,2.620793399,2.655339946,2.666737515,2.664945998,2.476209765,2.706272398,2.793367168,2.93709218,3.202947718,3.390709797,3.497546081,3.540720574,3.515312822,3.856714938
Philippines,0.197228667,0.213083917,0.239332859,0.270270933,0.289502043,0.329419747,0.376829267,0.373123464,0.435434741,0.405676157,0.439133331,0.456434301,0.491956647,0.513379352,0.535133652,0.526640838,0.524874894,0.510133566,0.551858399,0.503136722,0.486211853,0.493821702,0.534164409,0.589094023,0.637217476,0.661646928,0.640125711,0.741681362,0.767244852,0.815204743,0.90774273,0.976243096,1.049852789,1.065665402,1.087553781,1.08512768,1.068517222,1.0614604,1.099410619,1.136261007,1.131318419,1.098437626,1.141511547,1.179981313,1.19198571,1.227303678,1.252372077,1.292903111,1.38531599,1.456494841,1.596435382,1.744010204,1.913440596,1.966883345,2.025710027,1.835846884,1.961677818
Singapore,0.172396822,0.197077409,0.236721665,0.294244337,0.289146659,0.313939342,0.27251235,0.341235311,0.321575838,0.317010669,0.309549469,0.367170785,0.368548676,0.379345111,0.404399942,0.401656161,0.462095298,0.449617141,0.476321671,0.500769127,0.510817133,0.593121778,0.623652128,0.721546581,0.8227352,0.983172958,1.001933814,1.074914879,1.17436298,1.343100696,1.400187182,1.412917692,1.486082338,1.506633407,1.491574312,1.594851971,1.811114793,1.779231793,1.681165615,1.881749747,1.977252162,2.175598785,2.335935504,2.485135,2.672618866,2.872354932,2.986438582,2.999197639,3.065352974,3.154365023,3.354355428,3.480651669,3.589979773,3.609587755,3.533346978,3.439437605,3.45670803
South Korea,0.269341451,0.326766021,0.375424306,0.43027074,0.519593583,0.602876868,0.65228467,0.676270376,0.836414319,0.8696509,0.956149626,1.069670091,1.229937064,1.377739474,1.588146048,1.634514903,1.711220683,1.711977465,1.861361804,2.032963796,2.247010347,2.521691818,2.795354713,3.120132455,3.391998237,3.837731804,4.340213704,4.894978486,5.367889019,5.78870996,6.324981654,6.985563683,7.672042288,7.015405632,7.644843644,8.085286339,8.280429642,8.661925597,8.9398713,9.148878807,9.458854299,9.614092432,9.901901613,10.0663698,10.12172656,10.96235588,11.49941298,11.63976084,11.68300234,11.79278971,11.99779991,12.34599174,12.48366371,12.67605178,12.51122119,11.98634979,12.57552414
Sri Lanka,0.037633738,0.038812186,0.039768047,0.041338855,0.042936825,0.071148889,0.072471922,0.076019358,0.07867518,0.067544344,0.070471707,0.069293984,0.074448654,0.078076386,0.082116281,0.082848335,0.08698603,0.093711972,0.092423237,0.097974092,0.09250528,0.097370713,0.100127401,0.099058194,0.096463768,0.107593166,0.107375624,0.115194502,0.125643075,0.1361141,0.146657621,0.154277474,0.15924118,0.169760206,0.182589411,0.192767837,0.187318652,0.19263289,0.198222054,0.192624777,0.22243103,0.238802561,0.242784596,0.228872892,0.232055423,0.250617228,0.272084302,0.280628846,0.285170879,0.306437909,0.343882449,0.373807153,0.366540431,0.377817551,0.389399725,0.371701002,0.382358564
Taiwan,0.253287621,0.271353853,0.296163594,0.340227722,0.356121318,0.387641359,0.486796091,0.520093553,0.607803856,0.582060455,0.641233476,0.780784234,0.856814422,1.012198523,1.074492222,1.132810355,1.060812396,1.184449765,1.310173036,1.36674179,1.430434378,1.556730604,1.685136056,1.861274281,1.975441096,2.104487939,2.225238259,2.364332617,2.50102199,2.654154349,2.820996436,2.938013872,3.110620058,3.297768591,3.450040494,3.680346014,3.79776753,3.948366211,4.125719487,4.299370016,4.356733564,4.471840841,4.659428911,4.505539618,4.38593728,4.702316527,4.668450145,4.63703116,4.736510151,4.84169924,4.837110153,4.869479334,4.862488887,4.92861632,4.840092842,4.702096579,4.97798276
Thailand,0.1105435,0.131737146,0.150042216,0.192498105,0.203307836,0.242184779,0.268261256,0.3255365,0.345196104,0.359154164,0.396422245,0.418623549,0.460521739,0.491193076,0.522026178,0.523301147,0.526312367,0.539360871,0.591295984,0.655618096,0.685050423,0.729236634,0.832411567,0.936785426,1.084139887,1.287586599,1.420477044,1.554713106,1.765545315,1.979178306,2.215256365,2.506871396,2.637271898,2.429664975,2.576644666,2.671020494,2.816918282,3.053721358,3.283570842,3.564835148,3.677863727,3.756494248,3.92248565,3.977994211,4.129547086,4.40053856,4.513331277,4.834079783,4.860138386,5.012324243,5.124375809,5.228761769,5.321154424,5.483753274,5.486220932,5.06976026,5.109656198
Vietnam,0.106037871,0.185334657,0.255387026,0.264837899,0.312804653,0.326316499,0.290969158,0.282004025,0.29763728,0.221364623,0.246062416,0.142439734,0.152370243,0.158058608,0.170340838,0.19493937,0.195387969,0.208696783,0.218166894,0.220095771,0.221942546,0.240595588,0.270894314,0.270778049,0.258073212,0.277660892,0.282651064,0.308854086,0.35270062,0.394003206,0.457749789,0.524781818,0.604505932,0.653796598,0.676976329,0.770936231,0.871361572,0.95311899,1.027183325,1.251988414,1.33124859,1.220285608,1.332985888,1.645950899,1.683811366,1.944810867,2.149711041,2.254452855,2.381732616,2.633678675,2.996241465,3.238302954,3.484597254,3.910131697,4.339456753,4.222682719,4.319793147
Other Asia Pacific,0.723049151,0.764085183,0.825959669,0.885614862,0.937925334,0.999117147,1.094136374,1.154909359,1.190074386,1.272891719,1.281457985,1.361203804,1.426303342,1.501662339,1.61524878,1.718357637,1.772271491,1.847152821,1.912822015,1.982190605,2.067005926,2.111343954,2.050162194,2.081733029,2.029541648,1.994157642,1.926020175,1.750757583,1.676544854,1.611483076,1.595318828,1.488705747,1.472854555,1.412377879,1.492941493,1.594340193,1.634301981,1.596949745,1.699039266,1.73136514,1.807851797,1.887354254,1.84917285,1.93570948,1.76724028,1.955431949,1.94454388,2.052387148,2.023641571,2.172022271,2.244209866,2.465547015,2.844604716,3.032060585,3.189388565,3.336835434,3.404623231
Total Asia Pacific,18.84825767,20.45863352,21.42097848,23.08464626,26.22210699,29.81501423,32.66471914,34.60631202,37.35421872,38.18201328,39.60630861,41.52789726,43.92851049,46.93107831,49.09323898,49.37017751,49.73312413,50.22678125,52.4206762,56.13327205,58.85912462,61.28986552,64.73872152,69.46353558,73.16421779,76.18666153,79.66332155,83.35084955,87.74896712,92.51085953,97.29895062,101.8973024,105.0279321,104.844352,108.7273829,112.908828,116.6313392,122.310675,132.4517618,145.4850636,156.765139,165.9804166,176.2953591,181.3833257,185.4868343,197.4745399,207.6571746,214.5915765,220.4756443,226.605216,230.5918917,235.6216489,243.2777871,252.740114,259.5135376,256.6910848,272.4523294
Total World,155.8832936,164.2025614,170.3845688,180.6932596,192.8150231,205.0818995,213.4547745,224.8898627,238.0496223,239.4999201,240.6724485,253.5213114,262.8410413,273.4819073,282.8741158,280.5596435,279.3802837,277.8499722,282.3486132,295.8281182,303.4704187,310.2619556,321.0828479,333.2175867,339.6752356,343.8982302,346.3732811,348.5526436,351.2910679,355.7747897,363.7764543,374.193388,377.9907705,380.42068,387.0462685,396.8816916,400.7565508,409.5339762,424.088967,444.9708322,459.2337281,472.2877357,486.9124125,492.5275802,485.0188767,508.6771577,520.8978299,528.1757945,537.5618927,543.5204925,548.1381374,555.9076193,566.6628546,582.381476,587.4262409,564.0117883,595.1508499
of which: OECD,110.0100912,115.4114044,119.9872841,127.9225187,136.3642601,144.0000156,147.9199595,155.4095372,164.2568653,162.180287,158.8691537,167.2963296,171.1148945,176.4719867,181.2781549,176.4691973,172.6704447,167.6131848,168.1074904,175.8143519,180.0679037,182.366153,187.5352379,193.8738423,197.3982335,198.5397158,200.1925158,202.0538561,205.0105791,208.4860938,214.0950135,221.2485982,223.5655089,224.3445712,227.5918053,231.9378125,230.2418761,232.4190576,234.4252275,238.7589738,240.1098973,240.6703335,242.1305225,239.4552032,227.9224184,236.3169421,233.9599985,231.8130942,234.0799315,232.1319017,232.8525873,233.8537033,235.8553642,239.689879,237.4133279,220.1958498,229.8864588
                 Non-OECD,45.87320245,48.79115694,50.3972847,52.77074093,56.45076307,61.08188392,65.53481505,69.48032543,73.79275701,77.31963301,81.80329476,86.22498183,91.72614681,97.00992061,101.5959609,104.0904462,106.709839,110.2367874,114.2411228,120.0137663,123.402515,127.8958027,133.5476099,139.3437444,142.2770021,145.3585144,146.1807652,146.4987875,146.2804887,147.288696,149.6814409,152.9447898,154.4252616,156.0761089,159.4544633,164.9438791,170.5146747,177.1149186,189.6637395,206.2118584,219.1238308,231.6174022,244.78189,253.0723769,257.0964582,272.3602156,286.9378314,296.3627004,303.4819612,311.3885907,315.28555,322.053916,330.8074903,342.691597,350.0129129,343.8159385,365.2643911
                 European Union #,33.89968253,35.06334908,36.28394928,38.86973738,42.09079739,45.18206451,46.6211957,49.15436399,51.95589926,51.44527526,51.17810521,54.39134598,55.20951959,57.47010034,59.55892341,58.55254045,56.87116283,55.53047201,55.78474932,57.48122595,60.43325973,61.3063256,62.58106275,63.10623823,63.26163288,62.96207423,62.68141819,61.48147647,61.01650994,60.7838948,62.28524721,64.19472734,63.95087715,64.60874012,64.30671982,64.79322292,66.09134226,65.66283019,66.94079712,67.87833467,67.92045387,68.43465937,67.60533239,67.34114344,63.36386389,65.80796356,63.86807461,63.17367605,62.68953882,60.48300601,61.26221279,61.95133155,62.54748848,62.76711081,61.77148194,57.0661748,60.11241476